1,2,3,4,5,6,7,8,9
9.880000,-0.300000,0.150000,0.000000,0.000000,0.000000,-48.960000,-24.910000,15.720000
9.870000,-0.270000,0.120000,0.000000,0.000000,0.000000,-48.250000,-25.630000,14.340000
9.860000,-0.270000,0.170000,0.000000,0.000000,0.000000,-47.720000,-26.880000,13.820000
9.870000,-0.230000,0.150000,0.000000,0.000000,0.000000,-48.070000,-25.090000,15.200000
9.860000,-0.250000,0.130000,0.000000,0.010000,0.000000,-48.790000,-26.880000,14.510000
9.910000,-0.260000,0.130000,0.000000,0.000000,0.000000,-47.180000,-25.630000,14.690000
9.880000,-0.290000,0.160000,0.000000,0.000000,0.000000,-47.720000,-26.530000,14.170000
9.880000,-0.240000,0.150000,0.000000,0.000000,0.000000,-48.250000,-27.060000,14.000000
9.890000,-0.290000,0.150000,0.000000,0.000000,0.000000,-47.540000,-27.060000,14.000000
9.870000,-0.310000,0.060000,0.000000,0.000000,0.000000,-47.360000,-25.810000,13.820000
9.900000,-0.260000,0.180000,0.000000,0.000000,0.000000,-47.360000,-25.810000,13.820000
9.880000,-0.250000,0.130000,0.000000,0.000000,0.000000,-47.360000,-25.810000,13.820000
9.880000,-0.230000,0.130000,0.000000,0.000000,0.000000,-47.720000,-26.880000,13.480000
9.920000,-0.240000,0.150000,0.000000,0.000000,0.000000,-48.250000,-27.780000,15.030000
9.870000,-0.290000,0.090000,0.000000,0.000000,0.000000,-48.250000,-25.990000,15.720000
9.870000,-0.260000,0.090000,0.000000,0.000000,0.000000,-47.900000,-25.630000,14.690000
9.870000,-0.250000,0.180000,0.000000,0.000000,0.000000,-48.610000,-27.420000,15.380000
9.910000,-0.270000,0.180000,0.000000,0.000000,0.000000,-48.960000,-25.630000,15.720000
9.860000,-0.290000,0.090000,0.000000,0.000000,0.000000,-46.830000,-26.700000,14.340000
9.870000,-0.270000,0.160000,0.000000,0.000000,0.000000,-49.140000,-27.240000,14.510000
9.920000,-0.280000,0.100000,0.000000,0.000000,0.000000,-48.430000,-26.880000,15.200000
9.910000,-0.270000,0.120000,0.000000,0.000000,0.000000,-47.900000,-27.060000,14.000000
9.890000,-0.310000,0.070000,0.000000,0.000000,0.000000,-48.250000,-26.350000,14.690000
9.890000,-0.260000,0.180000,0.000000,0.000000,0.000000,-48.250000,-27.420000,13.650000
9.900000,-0.270000,0.210000,0.000000,0.000000,0.000000,-47.540000,-25.990000,14.340000
9.880000,-0.250000,0.160000,0.000000,0.000000,0.000000,-47.540000,-25.990000,14.340000
9.910000,-0.270000,0.110000,0.000000,0.000000,0.000000,-47.540000,-25.990000,14.340000
9.870000,-0.270000,0.180000,0.000000,0.000000,0.000000,-47.720000,-26.880000,13.820000
9.880000,-0.240000,0.110000,0.000000,0.000000,0.000000,-47.360000,-26.530000,14.510000
9.900000,-0.280000,0.160000,0.000000,0.000000,0.000000,-46.650000,-27.240000,15.550000
9.890000,-0.270000,0.120000,0.000000,0.000000,0.000000,-48.430000,-26.880000,14.510000
9.860000,-0.320000,0.160000,0.000000,0.000000,0.000000,-48.070000,-25.810000,13.480000
9.890000,-0.220000,0.070000,0.000000,0.000000,0.000000,-47.900000,-25.630000,13.650000
9.910000,-0.270000,0.140000,0.000000,0.000000,0.000000,-47.900000,-26.350000,14.690000
9.860000,-0.240000,0.130000,0.000000,0.000000,0.000000,-47.540000,-27.060000,14.340000
9.910000,-0.250000,0.160000,0.000000,0.000000,0.000000,-48.070000,-25.810000,14.860000
9.830000,-0.290000,0.090000,0.000000,0.000000,0.000000,-47.720000,-25.450000,15.550000
9.860000,-0.280000,0.150000,0.000000,0.000000,0.000000,-48.960000,-26.700000,14.690000
9.910000,-0.240000,0.080000,0.000000,0.000000,0.000000,-48.250000,-26.700000,14.000000
9.900000,-0.270000,0.120000,0.000000,0.000000,0.000000,-48.250000,-26.700000,14.000000
9.880000,-0.240000,0.140000,0.000000,0.000000,0.000000,-48.250000,-26.700000,14.000000
9.900000,-0.270000,0.160000,0.000000,0.000000,0.000000,-49.680000,-25.990000,15.030000
9.910000,-0.260000,0.140000,0.000000,0.000000,0.000000,-47.360000,-26.530000,14.170000
9.870000,-0.230000,0.110000,0.000000,0.000000,0.000000,-48.790000,-26.530000,14.860000
9.910000,-0.270000,0.150000,0.000000,0.000000,0.000000,-48.070000,-26.530000,14.510000
9.870000,-0.250000,0.140000,0.000000,0.000000,0.000000,-49.500000,-26.530000,13.820000
9.890000,-0.280000,0.160000,0.000000,0.000000,0.000000,-47.720000,-26.880000,14.860000
9.880000,-0.240000,0.120000,0.000000,0.000000,0.000000,-47.720000,-26.170000,14.860000
9.910000,-0.270000,0.170000,0.000000,0.000000,0.000000,-47.720000,-27.240000,14.510000
9.910000,-0.280000,0.120000,0.000000,0.000000,0.000000,-47.720000,-26.880000,15.200000
9.870000,-0.270000,0.120000,0.000000,0.000000,0.000000,-48.430000,-27.240000,13.820000
9.850000,-0.240000,0.140000,0.000000,0.000000,0.000000,-48.790000,-26.880000,14.510000
9.850000,-0.280000,0.100000,0.000000,0.000000,0.000000,-48.430000,-27.240000,14.170000
9.860000,-0.250000,0.160000,0.000000,0.000000,0.000000,-48.430000,-27.240000,14.170000
9.910000,-0.270000,0.200000,0.000000,0.000000,0.000000,-48.430000,-27.240000,14.170000
9.900000,-0.250000,0.160000,0.000000,0.000000,0.000000,-48.430000,-27.240000,14.170000
9.860000,-0.230000,0.150000,0.000000,0.000000,0.000000,-49.140000,-27.240000,15.720000
9.860000,-0.270000,0.220000,0.000000,0.000000,0.000000,-47.720000,-25.810000,16.240000
9.920000,-0.250000,0.170000,0.000000,0.000000,0.000000,-47.540000,-27.060000,13.650000
9.910000,-0.290000,0.110000,0.000000,0.000000,0.000000,-47.900000,-26.700000,14.690000
9.880000,-0.290000,0.170000,0.000000,0.000000,0.000000,-47.540000,-25.270000,13.650000
9.910000,-0.280000,0.170000,0.000000,0.000000,0.000000,-48.070000,-26.880000,14.860000
9.910000,-0.260000,0.150000,0.000000,0.000000,0.000000,-48.610000,-26.700000,14.000000
9.900000,-0.300000,0.160000,0.000000,0.000000,0.000000,-46.470000,-25.990000,14.340000
9.880000,-0.260000,0.080000,0.000000,0.000000,0.000000,-48.790000,-26.170000,14.170000
9.880000,-0.310000,0.180000,0.000000,0.000000,0.000000,-49.320000,-25.990000,14.000000
9.880000,-0.280000,0.160000,0.000000,0.000000,0.000000,-48.960000,-25.990000,15.030000
9.870000,-0.260000,0.150000,0.000000,0.000000,0.000000,-47.720000,-26.170000,15.550000
9.890000,-0.260000,0.210000,0.000000,0.000000,0.000000,-47.720000,-26.170000,15.550000
9.850000,-0.300000,0.140000,0.000000,0.000000,0.000000,-47.720000,-26.170000,15.550000
9.880000,-0.290000,0.170000,0.000000,0.000000,0.000000,-46.830000,-25.270000,14.690000
9.900000,-0.250000,0.200000,0.000000,0.000000,0.000000,-47.010000,-25.450000,14.860000
9.870000,-0.270000,0.160000,0.000000,0.000000,0.000000,-48.430000,-26.880000,13.820000
9.860000,-0.250000,0.090000,0.000000,0.000000,0.000000,-47.900000,-25.990000,14.690000
9.860000,-0.250000,0.120000,0.000000,0.000000,0.000000,-47.720000,-26.530000,14.170000
9.830000,-0.260000,0.140000,0.000000,0.000000,0.000000,-47.540000,-25.270000,14.340000
9.880000,-0.270000,0.100000,0.000000,0.000000,0.000000,-47.720000,-25.450000,15.550000
9.860000,-0.290000,0.180000,0.000000,0.000000,0.000000,-48.070000,-26.880000,15.200000
9.900000,-0.250000,0.210000,0.000000,0.000000,0.000000,-47.720000,-26.880000,14.510000
9.880000,-0.260000,0.130000,0.000000,0.000000,0.000000,-48.430000,-26.880000,13.820000
9.900000,-0.280000,0.070000,0.000000,0.000000,0.000000,-47.720000,-26.530000,15.900000
9.900000,-0.250000,0.090000,0.000000,0.000000,0.000000,-47.720000,-26.880000,15.900000
9.870000,-0.270000,0.150000,0.000000,0.000000,0.000000,-47.720000,-26.880000,15.900000
9.860000,-0.270000,0.170000,0.000000,0.000000,0.000000,-47.720000,-26.880000,15.900000
9.880000,-0.290000,0.170000,0.000000,0.000000,0.000000,-49.140000,-26.530000,13.480000
9.880000,-0.220000,0.120000,0.000000,0.000000,0.000000,-47.540000,-26.700000,14.000000
9.900000,-0.280000,0.160000,0.000000,0.000000,0.000000,-48.430000,-26.170000,15.550000
9.900000,-0.290000,0.110000,0.000000,0.000000,0.000000,-48.960000,-26.700000,13.650000
9.900000,-0.280000,0.110000,0.000000,0.000000,0.000000,-46.650000,-25.450000,14.170000
9.890000,-0.250000,0.110000,0.000000,0.000000,0.000000,-48.960000,-26.350000,14.000000
9.880000,-0.310000,0.130000,0.000000,0.000000,0.000000,-47.010000,-26.530000,14.170000
9.870000,-0.280000,0.140000,0.000000,0.000000,0.000000,-48.790000,-26.170000,14.510000
9.860000,-0.280000,0.130000,0.000000,0.000000,0.000000,-47.180000,-27.060000,14.690000
9.890000,-0.280000,0.120000,0.000000,0.000000,0.000000,-47.720000,-26.170000,14.860000
9.870000,-0.250000,0.130000,0.000000,0.000000,0.000000,-48.790000,-26.170000,14.510000
9.920000,-0.240000,0.100000,0.000000,0.000000,0.000000,-47.720000,-26.880000,12.440000
9.910000,-0.260000,0.120000,0.000000,0.000000,0.000000,-47.900000,-26.350000,14.000000
9.890000,-0.280000,0.120000,0.000000,0.000000,0.000000,-47.900000,-26.350000,14.000000
9.900000,-0.260000,0.200000,0.000000,0.000000,0.000000,-47.900000,-26.350000,14.000000
9.860000,-0.280000,0.120000,0.000000,0.000000,0.000000,-47.720000,-25.810000,14.860000
9.880000,-0.270000,0.170000,0.000000,0.000000,0.000000,-45.580000,-25.810000,15.200000
9.950000,-0.280000,0.110000,0.000000,0.000000,0.000000,-47.540000,-25.630000,14.340000
9.900000,-0.230000,0.110000,0.000000,0.000000,0.000000,-48.070000,-27.240000,13.480000
9.900000,-0.270000,0.110000,0.000000,0.000000,0.000000,-49.140000,-26.170000,15.200000
9.880000,-0.260000,0.100000,0.000000,0.000000,0.000000,-48.790000,-26.530000,15.900000
9.880000,-0.270000,0.120000,0.000000,0.000000,0.000000,-47.540000,-27.420000,14.340000
9.870000,-0.290000,0.130000,0.000000,0.000000,0.000000,-47.540000,-25.990000,15.380000
9.910000,-0.260000,0.160000,0.000000,0.000000,0.000000,-48.250000,-26.350000,15.030000
9.870000,-0.250000,0.140000,0.000000,0.000000,0.000000,-47.360000,-26.530000,14.860000
9.850000,-0.280000,0.110000,0.000000,0.000000,0.000000,-47.010000,-26.170000,14.510000
9.870000,-0.260000,0.150000,0.000000,0.000000,0.000000,-47.180000,-25.990000,13.300000
9.870000,-0.270000,0.190000,0.000000,0.000000,0.000000,-47.180000,-25.990000,13.300000
9.870000,-0.290000,0.180000,0.000000,0.000000,0.000000,-47.180000,-25.990000,13.300000
9.910000,-0.260000,0.210000,0.000000,0.000000,0.000000,-47.180000,-25.990000,13.300000
9.860000,-0.240000,0.150000,0.000000,0.000000,0.000000,-47.720000,-26.530000,14.510000
9.890000,-0.260000,0.190000,0.000000,0.000000,0.000000,-47.720000,-27.960000,15.900000
9.850000,-0.300000,0.150000,0.000000,0.000000,0.000000,-47.180000,-26.350000,14.690000
9.880000,-0.280000,0.180000,0.000000,0.000000,0.000000,-48.610000,-27.060000,13.650000
9.930000,-0.270000,0.120000,0.000000,0.000000,0.000000,-47.900000,-26.350000,15.030000
9.880000,-0.220000,0.170000,0.000000,0.000000,0.000000,-49.140000,-26.880000,14.860000
9.830000,-0.250000,0.140000,0.000000,0.000000,0.000000,-46.830000,-26.700000,14.000000
9.870000,-0.280000,0.130000,0.000000,0.000000,0.000000,-47.720000,-25.810000,14.170000
9.900000,-0.260000,0.150000,0.000000,0.000000,0.000000,-47.900000,-25.990000,14.340000
9.880000,-0.270000,0.110000,0.000000,0.000000,0.000000,-47.720000,-26.170000,14.860000
9.870000,-0.290000,0.170000,0.000000,0.000000,0.000000,-48.070000,-26.170000,15.550000
9.870000,-0.280000,0.110000,0.000000,0.000000,0.000000,-48.610000,-26.700000,14.690000
9.870000,-0.300000,0.160000,0.000000,0.000000,0.000000,-48.610000,-26.700000,14.690000
9.890000,-0.260000,0.170000,0.000000,0.000000,0.000000,-48.610000,-26.700000,14.690000
9.930000,-0.270000,0.140000,0.000000,0.000000,0.000000,-48.070000,-26.530000,15.200000
9.890000,-0.290000,0.120000,0.000000,0.000000,0.000000,-48.610000,-25.630000,13.650000
9.880000,-0.290000,0.190000,0.000000,0.000000,0.000000,-48.610000,-27.060000,14.000000
9.930000,-0.260000,0.100000,0.000000,0.000000,0.000000,-48.610000,-26.350000,12.610000
9.840000,-0.300000,0.110000,0.000000,0.000000,0.000000,-48.610000,-27.420000,15.030000
9.870000,-0.260000,0.090000,0.000000,0.000000,0.000000,-48.960000,-26.700000,15.030000
9.890000,-0.230000,0.140000,0.000000,0.000000,0.000000,-48.250000,-26.700000,14.340000
9.860000,-0.220000,0.190000,0.000000,0.000000,0.000000,-48.250000,-26.700000,14.690000
9.870000,-0.270000,0.130000,0.000000,0.000000,0.000000,-47.540000,-25.990000,13.300000
9.860000,-0.280000,0.110000,0.000000,0.000000,0.000000,-47.360000,-25.810000,14.510000
9.910000,-0.240000,0.110000,0.000000,0.000000,0.000000,-48.250000,-26.700000,14.340000
9.870000,-0.270000,0.120000,0.000000,0.000000,0.000000,-47.900000,-25.630000,14.690000
9.890000,-0.220000,0.080000,0.000000,0.000000,0.000000,-48.430000,-27.600000,14.510000
9.900000,-0.270000,0.130000,0.000000,0.000000,0.000000,-48.430000,-27.600000,14.510000
9.910000,-0.270000,0.120000,0.000000,0.000000,0.000000,-48.430000,-27.600000,14.510000
9.880000,-0.260000,0.180000,0.000000,0.000000,0.000000,-48.250000,-26.700000,14.000000
9.880000,-0.240000,0.190000,0.000000,0.000000,0.000000,-47.540000,-26.700000,15.030000
9.890000,-0.310000,0.130000,0.000000,0.000000,0.000000,-47.360000,-26.170000,14.510000
9.880000,-0.270000,0.170000,0.000000,0.000000,0.000000,-48.250000,-25.630000,14.690000
9.890000,-0.290000,0.110000,0.000000,0.000000,0.000000,-48.070000,-25.450000,15.200000
9.880000,-0.230000,0.110000,0.000000,0.000000,0.000000,-47.180000,-26.350000,14.690000
9.860000,-0.270000,0.100000,0.000000,0.000000,0.000000,-47.180000,-27.060000,14.340000
9.900000,-0.230000,0.190000,0.000000,0.000000,0.000000,-49.850000,-26.880000,14.510000
9.860000,-0.260000,0.100000,0.000000,0.000000,0.000000,-48.250000,-25.990000,14.000000
9.890000,-0.280000,0.160000,0.000000,0.000000,0.000000,-47.900000,-25.990000,14.340000
9.880000,-0.280000,0.180000,0.000000,0.000000,0.000000,-47.900000,-27.060000,14.340000
9.910000,-0.260000,0.190000,0.000000,0.000000,0.000000,-48.250000,-27.780000,14.340000
9.880000,-0.280000,0.140000,0.000000,0.000000,0.000000,-47.180000,-25.630000,14.340000
9.870000,-0.250000,0.110000,0.000000,0.000000,0.000000,-47.180000,-25.630000,14.340000
9.890000,-0.250000,0.110000,0.000000,0.000000,0.000000,-47.180000,-25.630000,14.340000
9.920000,-0.280000,0.120000,0.000000,0.000000,0.000000,-48.430000,-27.240000,15.900000
9.880000,-0.280000,0.090000,0.000000,0.000000,0.000000,-47.540000,-26.700000,14.000000
9.880000,-0.270000,0.130000,0.000000,0.000000,0.000000,-47.540000,-25.990000,14.340000
9.860000,-0.250000,0.090000,0.000000,0.000000,0.000000,-47.010000,-26.880000,14.170000
9.920000,-0.320000,0.190000,0.000000,0.000000,0.000000,-49.500000,-26.530000,14.170000
9.860000,-0.300000,0.140000,0.000000,0.000000,0.000000,-47.720000,-26.530000,15.900000
9.900000,-0.240000,0.140000,0.000000,0.000000,0.000000,-47.180000,-26.700000,15.720000
9.890000,-0.300000,0.180000,0.000000,0.000000,0.000000,-48.430000,-28.320000,14.510000
9.890000,-0.250000,0.110000,0.000000,0.000000,0.000000,-47.900000,-26.350000,14.690000
9.870000,-0.300000,0.090000,0.000000,0.000000,0.000000,-48.070000,-26.880000,13.820000
9.900000,-0.230000,0.140000,0.000000,0.000000,0.000000,-47.900000,-25.990000,11.920000
9.880000,-0.300000,0.120000,0.000000,0.000000,0.000000,-47.900000,-25.990000,15.720000
9.860000,-0.300000,0.130000,0.000000,0.000000,0.000000,-48.250000,-26.700000,14.690000
9.910000,-0.270000,0.110000,0.000000,0.000000,0.000000,-48.250000,-26.700000,14.690000
9.870000,-0.270000,0.200000,0.000000,0.000000,0.000000,-48.250000,-26.700000,14.690000
9.840000,-0.250000,0.160000,0.000000,0.000000,0.000000,-48.430000,-25.090000,15.200000
9.860000,-0.270000,0.150000,0.000000,0.000000,0.000000,-49.680000,-27.060000,14.690000
9.900000,-0.280000,0.120000,0.000000,0.000000,0.000000,-48.430000,-26.170000,15.200000
9.900000,-0.280000,0.110000,0.000000,0.000000,0.000000,-48.610000,-27.060000,15.380000
9.910000,-0.290000,0.170000,0.000000,0.000000,0.000000,-47.900000,-28.140000,14.690000
9.890000,-0.280000,0.130000,0.000000,0.000000,0.000000,-46.830000,-26.700000,15.030000
9.900000,-0.290000,0.190000,0.000000,0.000000,0.000000,-47.180000,-27.060000,14.340000
9.870000,-0.260000,0.160000,0.000000,0.000000,0.000000,-48.250000,-26.350000,16.410000
9.870000,-0.270000,0.150000,0.000000,0.000000,0.000000,-48.070000,-24.910000,14.690000
9.890000,-0.250000,0.150000,0.000000,0.000000,0.000000,-49.680000,-26.700000,14.690000
9.890000,-0.240000,0.150000,0.000000,0.000000,0.000000,-47.540000,-26.350000,14.340000
9.870000,-0.270000,0.140000,0.000000,0.000000,0.000000,-48.610000,-27.420000,15.030000
9.840000,-0.250000,0.150000,0.000000,0.000000,0.000000,-48.610000,-27.420000,15.030000
9.880000,-0.260000,0.210000,0.000000,0.000000,0.000000,-48.610000,-27.420000,15.030000
9.890000,-0.300000,0.150000,0.000000,0.000000,0.000000,-47.900000,-25.630000,14.000000
9.890000,-0.260000,0.150000,0.000000,0.000000,0.000000,-48.070000,-24.730000,15.200000
9.910000,-0.270000,0.160000,0.000000,0.000000,0.000000,-47.010000,-26.170000,15.200000
9.860000,-0.280000,0.090000,0.000000,0.000000,0.000000,-46.830000,-25.630000,15.720000
9.840000,-0.310000,0.120000,0.000000,0.000000,0.000000,-48.250000,-26.700000,13.650000
9.910000,-0.270000,0.120000,0.000000,0.000000,0.000000,-48.250000,-27.060000,15.380000
9.870000,-0.270000,0.090000,0.000000,0.000000,0.000000,-46.470000,-25.990000,14.340000
9.910000,-0.270000,0.130000,0.000000,0.000000,0.000000,-47.900000,-26.350000,15.030000
9.890000,-0.280000,0.110000,0.000000,0.000000,0.000000,-47.540000,-24.550000,14.690000
9.880000,-0.270000,0.130000,0.000000,0.000000,0.000000,-47.010000,-26.880000,14.860000
9.880000,-0.260000,0.050000,0.000000,0.000000,0.000000,-47.720000,-26.170000,14.860000
9.860000,-0.280000,0.160000,0.000000,0.000000,0.000000,-47.360000,-26.880000,14.510000
9.870000,-0.290000,0.110000,0.000000,0.000000,0.000000,-47.720000,-25.810000,12.790000
9.890000,-0.280000,0.120000,0.000000,0.000000,0.000000,-47.720000,-25.810000,12.790000
9.900000,-0.260000,0.130000,0.000000,0.000000,0.000000,-47.720000,-25.810000,12.790000
9.940000,-0.280000,0.140000,0.000000,0.000000,0.000000,-48.070000,-25.090000,14.510000
9.880000,-0.250000,0.160000,0.000000,0.000000,0.000000,-48.960000,-25.990000,15.030000
9.850000,-0.330000,0.110000,0.000000,0.000000,0.000000,-48.790000,-26.170000,14.170000
9.900000,-0.270000,0.090000,0.000000,0.000000,0.000000,-46.470000,-24.910000,15.380000
9.920000,-0.280000,0.110000,0.000000,0.000000,0.000000,-48.250000,-26.700000,13.650000
9.870000,-0.270000,0.190000,0.000000,0.000000,0.000000,-48.070000,-26.170000,14.510000
9.880000,-0.290000,0.180000,0.000000,0.000000,0.000000,-47.720000,-25.810000,14.170000
9.910000,-0.300000,0.220000,0.000000,0.000000,0.000000,-48.430000,-26.880000,13.820000
9.910000,-0.270000,0.140000,0.000000,0.000000,0.000000,-47.360000,-25.450000,13.820000
9.930000,-0.250000,0.080000,0.000000,0.000000,0.000000,-48.070000,-26.530000,14.170000
9.870000,-0.280000,0.120000,0.000000,0.000000,0.000000,-48.250000,-26.350000,14.690000
9.890000,-0.260000,0.170000,0.000000,0.000000,0.000000,-46.650000,-26.880000,14.510000
9.860000,-0.260000,0.090000,0.000000,0.000000,0.000000,-47.720000,-26.170000,15.550000
9.900000,-0.290000,0.110000,0.000000,0.000000,0.000000,-47.720000,-26.170000,15.550000
9.870000,-0.280000,0.100000,0.000000,0.000000,0.000000,-47.720000,-26.170000,15.550000
9.890000,-0.250000,0.110000,0.000000,0.000000,0.000000,-48.070000,-26.530000,14.860000
9.890000,-0.260000,0.160000,0.000000,0.000000,0.000000,-47.540000,-24.550000,15.030000
9.830000,-0.250000,0.160000,0.000000,0.000000,0.000000,-48.610000,-25.630000,13.300000
9.830000,-0.260000,0.140000,0.000000,0.000000,0.000000,-47.540000,-25.630000,14.000000
9.890000,-0.290000,0.160000,0.000000,0.000000,0.000000,-47.720000,-26.530000,13.480000
9.880000,-0.240000,0.160000,0.000000,0.000000,0.000000,-49.140000,-26.170000,14.860000
9.900000,-0.270000,0.120000,0.000000,0.000000,0.000000,-48.070000,-27.240000,14.510000
9.890000,-0.280000,0.220000,0.000000,0.000000,0.000000,-47.720000,-26.170000,14.170000
9.870000,-0.270000,0.100000,0.000000,0.000000,0.000000,-47.720000,-27.240000,15.200000
9.880000,-0.280000,0.090000,0.000000,0.000000,0.000000,-47.900000,-26.350000,15.720000
9.860000,-0.260000,0.120000,0.000000,0.000000,0.000000,-48.430000,-26.530000,15.550000
9.890000,-0.250000,0.120000,0.000000,0.000000,0.000000,-48.250000,-27.060000,14.340000
9.940000,-0.240000,0.140000,0.000000,0.000000,0.000000,-48.250000,-27.060000,14.340000
9.880000,-0.280000,0.100000,0.000000,0.000000,0.000000,-48.250000,-27.060000,14.340000
9.910000,-0.270000,0.200000,0.000000,0.000000,0.000000,-47.540000,-27.780000,14.690000
9.910000,-0.250000,0.100000,0.000000,0.000000,0.000000,-48.610000,-27.060000,14.340000
9.860000,-0.240000,0.130000,0.000000,0.000000,0.000000,-49.140000,-26.530000,14.510000
9.880000,-0.290000,0.170000,0.000000,0.000000,0.000000,-47.900000,-25.630000,13.300000
9.900000,-0.270000,0.190000,0.000000,0.000000,0.000000,-46.290000,-26.880000,15.900000
9.890000,-0.290000,0.090000,0.000000,0.000000,0.000000,-47.180000,-25.630000,15.380000
9.880000,-0.270000,0.150000,0.000000,0.000000,0.000000,-47.900000,-28.140000,15.030000
9.900000,-0.240000,0.110000,0.000000,0.000000,0.000000,-47.720000,-26.530000,14.510000
9.900000,-0.230000,0.150000,0.000000,0.000000,0.000000,-47.720000,-27.600000,14.170000
9.900000,-0.250000,0.150000,0.000000,0.000000,0.000000,-47.540000,-26.700000,14.690000
9.870000,-0.250000,0.100000,0.000000,0.000000,0.000000,-47.720000,-26.170000,14.860000
9.890000,-0.270000,0.150000,0.000000,0.000000,0.000000,-47.540000,-26.700000,13.650000
9.880000,-0.250000,0.160000,0.000000,0.000000,0.000000,-48.250000,-26.350000,15.030000
9.890000,-0.270000,0.170000,0.000000,0.000000,0.000000,-48.250000,-26.350000,15.030000
9.880000,-0.290000,0.160000,0.000000,0.000000,0.000000,-48.250000,-26.350000,15.030000
9.880000,-0.310000,0.180000,0.000000,0.000000,0.000000,-48.070000,-25.810000,14.510000
9.900000,-0.270000,0.130000,0.000000,0.000000,0.000000,-47.540000,-27.060000,14.690000
9.860000,-0.250000,0.080000,0.000000,0.000000,0.000000,-47.900000,-26.700000,15.030000
9.880000,-0.250000,0.120000,0.000000,0.000000,0.000000,-48.610000,-26.350000,15.380000
9.910000,-0.270000,0.080000,0.000000,0.000000,0.000000,-48.250000,-26.700000,14.690000
9.890000,-0.270000,0.120000,0.000000,0.000000,0.000000,-47.180000,-26.700000,13.300000
9.850000,-0.290000,0.140000,0.000000,0.000000,0.000000,-48.610000,-26.700000,15.380000
9.870000,-0.270000,0.100000,0.000000,0.000000,0.000000,-47.900000,-26.350000,15.030000
9.850000,-0.300000,0.160000,0.000000,0.000000,0.000000,-48.430000,-25.450000,13.820000
9.870000,-0.270000,0.190000,0.000000,0.000000,0.000000,-47.720000,-26.530000,14.510000
9.880000,-0.250000,0.110000,0.000000,0.000000,0.000000,-47.900000,-27.420000,14.690000
9.900000,-0.260000,0.120000,0.000000,0.000000,0.000000,-47.900000,-27.420000,14.690000
9.900000,-0.240000,0.110000,0.000000,0.000000,0.000000,-47.900000,-27.420000,14.690000
9.910000,-0.290000,0.190000,0.000000,0.000000,0.000000,-46.470000,-25.990000,14.690000
9.890000,-0.240000,0.170000,0.000000,0.000000,0.000000,-48.070000,-27.240000,14.860000
9.880000,-0.280000,0.110000,0.000000,0.000000,0.000000,-48.250000,-26.700000,14.000000
9.880000,-0.280000,0.130000,0.000000,0.000000,0.000000,-48.070000,-27.600000,13.130000
9.860000,-0.270000,0.160000,0.000000,0.000000,0.000000,-47.720000,-26.530000,14.510000
9.920000,-0.250000,0.130000,0.000000,0.000000,0.000000,-47.360000,-26.880000,14.170000
9.890000,-0.240000,0.220000,0.000000,0.000000,0.000000,-48.960000,-26.700000,15.030000
9.880000,-0.270000,0.180000,0.000000,0.000000,0.000000,-48.250000,-25.990000,14.690000
9.910000,-0.270000,0.150000,0.000000,0.000000,0.000000,-48.250000,-26.350000,13.300000
9.860000,-0.290000,0.220000,0.000000,0.000000,0.000000,-47.900000,-27.420000,14.000000
9.890000,-0.270000,0.130000,0.000000,0.000000,0.000000,-48.430000,-26.170000,14.510000
9.880000,-0.250000,0.150000,0.000000,0.000000,0.000000,-48.430000,-25.810000,14.170000
9.880000,-0.290000,0.100000,0.000000,0.000000,0.000000,-48.430000,-26.530000,14.860000
9.890000,-0.250000,0.100000,0.000000,0.000000,0.000000,-48.430000,-26.530000,14.860000
9.900000,-0.290000,0.200000,0.000000,0.000000,0.000000,-48.430000,-26.530000,14.860000
9.870000,-0.270000,0.180000,0.000000,0.000000,0.000000,-49.140000,-26.530000,14.860000
9.860000,-0.230000,0.170000,0.000000,0.000000,0.000000,-47.900000,-25.630000,15.030000
9.840000,-0.280000,0.110000,0.000000,0.000000,0.000000,-47.900000,-25.270000,14.000000
9.860000,-0.290000,0.150000,0.000000,0.000000,0.000000,-48.610000,-26.700000,14.340000
9.890000,-0.310000,0.170000,0.000000,0.000000,0.000000,-47.010000,-26.170000,14.510000
9.910000,-0.260000,0.120000,0.000000,0.000000,0.000000,-48.250000,-27.420000,15.380000
9.880000,-0.250000,0.200000,0.000000,0.000000,0.000000,-49.140000,-26.170000,14.170000
9.910000,-0.280000,0.110000,0.000000,0.000000,0.000000,-47.900000,-26.350000,14.690000
9.870000,-0.260000,0.120000,0.000000,0.000000,0.000000,-50.210000,-27.600000,14.860000
9.890000,-0.290000,0.190000,0.000000,0.000000,0.000000,-47.180000,-27.060000,14.340000
9.870000,-0.300000,0.080000,0.000000,0.000000,0.000000,-48.250000,-27.420000,14.690000
9.900000,-0.270000,0.110000,0.000000,0.000000,0.000000,-48.610000,-26.700000,14.690000
9.900000,-0.270000,0.080000,0.000000,0.000000,0.000000,-46.830000,-24.910000,14.340000
9.880000,-0.300000,0.180000,0.000000,0.000000,0.000000,-46.830000,-24.910000,14.340000
9.860000,-0.310000,0.120000,0.000000,0.000000,0.000000,-46.830000,-24.910000,14.340000
9.890000,-0.260000,0.170000,0.000000,0.000000,0.000000,-46.650000,-27.240000,13.820000
9.880000,-0.230000,0.140000,0.000000,0.000000,0.000000,-48.790000,-27.240000,13.820000
9.860000,-0.260000,0.100000,0.000000,0.000000,0.000000,-47.360000,-26.170000,13.820000
9.880000,-0.290000,0.130000,0.000000,0.000000,0.000000,-47.720000,-26.170000,15.200000
9.860000,-0.240000,0.110000,0.000000,0.000000,0.000000,-47.900000,-24.550000,14.000000
9.880000,-0.250000,0.080000,0.000000,0.000000,0.000000,-47.360000,-26.170000,14.510000
9.860000,-0.280000,0.140000,0.000000,0.000000,0.000000,-47.540000,-27.060000,13.300000
9.890000,-0.300000,0.160000,0.000000,0.000000,0.000000,-48.250000,-25.630000,14.000000
9.920000,-0.300000,0.190000,0.000000,0.000000,0.000000,-47.720000,-25.090000,15.550000
9.880000,-0.290000,0.110000,0.000000,0.000000,0.000000,-48.070000,-26.170000,14.510000
9.880000,-0.290000,0.130000,0.000000,0.000000,0.000000,-45.940000,-26.170000,14.170000
9.890000,-0.230000,0.140000,0.000000,0.000000,0.000000,-48.610000,-27.420000,15.030000
9.870000,-0.250000,0.090000,0.000000,0.000000,0.000000,-48.610000,-27.420000,15.030000
9.900000,-0.300000,0.110000,0.000000,0.000000,0.000000,-48.610000,-27.420000,15.030000
9.880000,-0.260000,0.140000,0.000000,0.000000,0.000000,-48.070000,-26.880000,14.860000
9.920000,-0.300000,0.210000,0.000000,0.000000,0.000000,-49.140000,-26.170000,15.550000
9.890000,-0.310000,0.100000,0.000000,0.000000,0.000000,-46.830000,-25.630000,15.380000
9.880000,-0.300000,0.110000,0.000000,0.000000,0.000000,-47.540000,-27.060000,14.340000
9.860000,-0.250000,0.130000,0.000000,0.000000,0.000000,-47.720000,-26.170000,15.550000
9.900000,-0.260000,0.130000,0.000000,0.000000,0.000000,-47.900000,-25.990000,14.690000
9.860000,-0.240000,0.170000,0.000000,0.000000,0.000000,-47.180000,-27.060000,13.650000
9.880000,-0.290000,0.160000,0.000000,0.000000,0.000000,-46.830000,-26.700000,14.340000
9.960000,-0.260000,0.160000,0.000000,0.000000,0.000000,-48.430000,-24.370000,14.510000
9.920000,-0.270000,0.110000,0.000000,0.000000,0.000000,-47.180000,-27.780000,15.380000
9.900000,-0.270000,0.080000,0.000000,0.000000,0.000000,-49.140000,-26.170000,15.200000
9.870000,-0.300000,0.100000,0.000000,0.000000,0.000000,-48.250000,-25.990000,14.690000
9.930000,-0.300000,0.160000,0.000000,0.000000,0.000000,-48.250000,-25.990000,14.690000
9.860000,-0.270000,0.150000,0.000000,0.000000,0.000000,-48.250000,-25.990000,14.690000
9.880000,-0.280000,0.140000,0.000000,0.000000,0.000000,-46.470000,-25.630000,14.690000
9.820000,-0.260000,0.150000,0.000000,0.000000,0.000000,-47.720000,-27.240000,13.820000
9.850000,-0.290000,0.150000,0.000000,0.000000,0.000000,-47.540000,-26.350000,14.340000
9.880000,-0.280000,0.200000,0.000000,0.000000,0.000000,-48.430000,-25.450000,14.510000
9.890000,-0.250000,0.130000,0.000000,0.000000,0.000000,-49.140000,-26.880000,16.240000
9.830000,-0.300000,0.150000,0.000000,0.000000,0.000000,-47.180000,-26.350000,13.650000
9.900000,-0.290000,0.120000,0.000000,0.000000,0.000000,-47.900000,-26.700000,14.000000
9.910000,-0.260000,0.130000,0.000000,0.000000,0.000000,-47.010000,-26.880000,14.510000
9.840000,-0.290000,0.110000,0.000000,0.000000,0.000000,-48.070000,-26.880000,13.820000
9.870000,-0.260000,0.180000,0.000000,0.000000,0.000000,-49.140000,-26.530000,16.240000
9.890000,-0.250000,0.130000,0.000000,0.000000,0.000000,-47.010000,-25.810000,13.480000
9.940000,-0.260000,0.180000,0.000000,0.000000,0.000000,-46.830000,-25.990000,14.340000
9.890000,-0.260000,0.110000,0.000000,0.000000,0.000000,-47.180000,-25.630000,15.380000
9.880000,-0.270000,0.150000,0.000000,0.000000,0.000000,-47.180000,-25.630000,15.380000
9.920000,-0.270000,0.160000,0.000000,0.000000,0.000000,-47.010000,-27.240000,13.820000
9.890000,-0.310000,0.110000,0.000000,0.000000,0.000000,-48.790000,-25.450000,14.860000
9.840000,-0.250000,0.140000,0.000000,0.000000,0.000000,-47.540000,-26.350000,14.340000
9.860000,-0.300000,0.140000,0.000000,0.000000,0.000000,-47.540000,-26.350000,14.690000
9.870000,-0.310000,0.140000,0.000000,0.000000,0.000000,-48.790000,-25.810000,15.200000
9.870000,-0.280000,0.150000,0.000000,0.000000,0.000000,-47.900000,-26.350000,14.000000
9.860000,-0.260000,0.160000,0.000000,0.000000,0.000000,-47.180000,-27.060000,14.340000
9.880000,-0.290000,0.200000,0.000000,0.000000,0.000000,-47.720000,-26.530000,15.200000
9.860000,-0.240000,0.160000,0.000000,0.000000,0.000000,-46.290000,-25.810000,15.200000
9.890000,-0.270000,0.140000,0.000000,0.000000,0.000000,-47.180000,-26.700000,15.380000
9.850000,-0.290000,0.060000,0.000000,0.000000,0.000000,-47.010000,-26.170000,13.480000
9.880000,-0.280000,0.110000,0.000000,0.000000,0.000000,-48.430000,-26.880000,15.550000
9.920000,-0.270000,0.110000,0.000000,0.000000,0.000000,-48.790000,-26.530000,14.860000
9.880000,-0.270000,0.170000,0.000000,0.000000,0.000000,-48.790000,-26.530000,14.860000
9.880000,-0.240000,0.180000,0.000000,0.000000,0.000000,-48.790000,-26.530000,14.860000
9.890000,-0.300000,0.160000,0.000000,0.000000,0.000000,-47.720000,-26.530000,14.510000
9.920000,-0.280000,0.230000,0.000000,0.000000,0.000000,-47.360000,-25.090000,15.200000
9.880000,-0.250000,0.140000,0.000000,0.000000,0.000000,-47.540000,-25.630000,14.340000
9.900000,-0.280000,0.140000,0.000000,0.000000,0.000000,-48.430000,-26.530000,15.200000
9.890000,-0.260000,0.200000,0.000000,0.000000,0.000000,-47.900000,-25.630000,15.720000
9.870000,-0.280000,0.110000,0.000000,0.000000,0.000000,-48.610000,-27.420000,14.340000
9.910000,-0.270000,0.090000,0.000000,0.000000,0.000000,-48.250000,-26.700000,14.340000
9.860000,-0.260000,0.130000,0.000000,0.000000,0.000000,-48.430000,-25.090000,15.200000
9.890000,-0.320000,0.150000,0.000000,0.000000,0.000000,-47.720000,-27.240000,14.510000
9.910000,-0.320000,0.200000,0.000000,0.000000,0.000000,-48.070000,-26.880000,13.480000
9.850000,-0.310000,0.170000,0.000000,0.000000,0.000000,-47.360000,-24.730000,15.550000
9.910000,-0.240000,0.080000,0.000000,0.000000,0.000000,-47.360000,-26.170000,15.900000
9.860000,-0.300000,0.180000,0.000000,0.000000,0.000000,-47.180000,-25.990000,14.690000
9.870000,-0.280000,0.180000,0.000000,0.000000,0.000000,-47.180000,-25.990000,14.690000
9.860000,-0.270000,0.140000,0.000000,0.000000,0.000000,-47.180000,-25.990000,14.690000
9.870000,-0.310000,0.150000,0.000000,0.000000,0.000000,-47.010000,-26.880000,15.900000
9.890000,-0.230000,0.160000,0.010000,0.000000,0.000000,-48.250000,-24.910000,14.690000
9.910000,-0.330000,0.070000,0.000000,0.000000,0.000000,-47.540000,-26.350000,15.030000
9.910000,-0.250000,0.160000,0.000000,0.000000,0.000000,-47.720000,-24.370000,14.860000
9.880000,-0.260000,0.180000,0.000000,0.000000,0.000000,-48.430000,-27.600000,14.170000
9.920000,-0.250000,0.170000,0.000000,0.000000,0.000000,-48.960000,-25.270000,15.380000
9.880000,-0.330000,0.100000,0.000000,0.000000,0.000000,-47.540000,-26.700000,14.000000
9.890000,-0.250000,0.120000,0.000000,0.000000,0.000000,-48.250000,-25.990000,13.300000
9.870000,-0.240000,0.150000,0.000000,0.000000,0.000000,-48.070000,-27.240000,14.170000
9.880000,-0.250000,0.050000,0.000000,0.000000,0.000000,-48.790000,-26.530000,14.170000
9.860000,-0.270000,0.120000,0.000000,0.000000,0.000000,-46.290000,-25.450000,14.860000
9.870000,-0.270000,0.130000,0.000000,0.000000,0.000000,-48.430000,-26.880000,14.860000
9.880000,-0.290000,0.120000,0.000000,0.000000,0.000000,-47.180000,-25.630000,14.000000
9.870000,-0.280000,0.130000,0.000000,0.000000,0.000000,-47.180000,-25.630000,14.000000
9.860000,-0.250000,0.170000,0.000000,0.000000,0.000000,-47.180000,-25.630000,14.000000
9.870000,-0.280000,0.230000,0.000000,0.000000,0.000000,-48.250000,-25.990000,14.690000
9.880000,-0.290000,0.100000,0.000000,0.000000,0.000000,-48.960000,-26.700000,15.720000
9.870000,-0.280000,0.140000,0.000000,0.000000,0.000000,-48.430000,-25.810000,14.510000
9.890000,-0.240000,0.150000,0.000000,0.000000,0.000000,-48.430000,-26.880000,15.200000
9.880000,-0.240000,0.170000,0.000000,0.000000,0.000000,-47.720000,-25.810000,14.860000
9.880000,-0.230000,0.120000,0.000000,0.000000,0.000000,-49.680000,-26.700000,15.380000
9.890000,-0.280000,0.100000,0.000000,0.000000,0.000000,-48.790000,-27.600000,14.170000
9.860000,-0.300000,0.200000,0.000000,0.000000,0.000000,-47.900000,-26.700000,14.000000
9.880000,-0.270000,0.160000,0.000000,0.000000,0.000000,-49.320000,-26.700000,14.000000
9.880000,-0.250000,0.110000,0.000000,0.000000,0.000000,-48.430000,-26.170000,13.480000
9.870000,-0.250000,0.130000,0.000000,0.000000,0.000000,-47.900000,-25.630000,15.030000
9.790000,-0.290000,0.120000,0.000000,0.000000,0.000000,-47.180000,-28.140000,13.300000
9.900000,-0.260000,0.110000,0.000000,0.000000,0.000000,-47.180000,-28.140000,13.300000
9.860000,-0.260000,0.080000,0.000000,0.000000,0.000000,-47.180000,-28.140000,13.300000
9.960000,-0.220000,0.100000,0.000000,0.000000,0.000000,-47.720000,-26.170000,14.170000
9.930000,-0.260000,0.140000,0.000000,0.000000,0.000000,-48.250000,-25.270000,15.720000
9.870000,-0.280000,0.170000,0.000000,0.000000,0.000000,-48.430000,-27.600000,13.480000
9.860000,-0.250000,0.140000,0.000000,0.000000,0.000000,-47.540000,-25.990000,14.690000
9.920000,-0.260000,0.180000,0.000000,0.000000,0.000000,-47.900000,-25.630000,14.000000
9.880000,-0.260000,0.160000,0.000000,0.000000,0.000000,-47.900000,-25.990000,14.000000
9.910000,-0.260000,0.110000,0.000000,0.000000,0.000000,-47.010000,-25.450000,14.510000
9.870000,-0.250000,0.070000,0.000000,0.000000,0.000000,-45.940000,-27.600000,14.510000
9.900000,-0.250000,0.170000,0.000000,0.000000,0.000000,-48.250000,-27.420000,16.070000
9.880000,-0.280000,0.120000,0.000000,0.000000,0.000000,-49.320000,-27.060000,13.650000
9.850000,-0.300000,0.190000,0.000000,0.000000,0.000000,-47.540000,-27.420000,15.030000
9.920000,-0.280000,0.060000,0.000000,0.000000,0.000000,-47.540000,-25.270000,14.000000
9.870000,-0.300000,0.150000,0.000000,0.000000,0.000000,-48.250000,-26.700000,16.070000
9.890000,-0.260000,0.130000,0.000000,0.000000,0.000000,-48.250000,-26.700000,16.070000
9.900000,-0.260000,0.170000,0.000000,0.000000,0.000000,-48.250000,-26.700000,16.070000
9.870000,-0.260000,0.150000,0.000000,0.000000,0.000000,-48.250000,-27.060000,11.920000
9.940000,-0.260000,0.110000,0.000000,0.000000,0.000000,-48.790000,-26.170000,14.170000
9.890000,-0.240000,0.080000,0.000000,0.000000,0.000000,-47.540000,-25.630000,13.650000
9.900000,-0.260000,0.110000,0.000000,0.000000,0.000000,-47.010000,-26.530000,13.480000
9.900000,-0.230000,0.130000,0.000000,0.000000,0.000000,-48.610000,-25.990000,15.030000
9.860000,-0.290000,0.150000,0.000000,0.000000,0.000000,-47.720000,-26.170000,15.200000
9.880000,-0.300000,0.120000,0.000000,0.000000,0.000000,-48.070000,-26.170000,14.510000
9.900000,-0.240000,0.090000,0.000000,0.000000,0.000000,-47.720000,-26.170000,14.860000
9.870000,-0.290000,0.220000,0.000000,0.000000,0.000000,-48.070000,-25.810000,13.820000
9.890000,-0.270000,0.130000,0.000000,0.000000,0.000000,-47.180000,-27.060000,14.690000
9.860000,-0.290000,0.140000,0.000000,0.000000,0.000000,-47.180000,-25.630000,14.000000
9.900000,-0.280000,0.150000,0.000000,0.000000,0.000000,-48.070000,-27.240000,14.860000
9.880000,-0.260000,0.190000,0.000000,0.000000,0.000000,-48.070000,-27.240000,14.860000
9.890000,-0.260000,0.060000,0.000000,0.000000,0.000000,-48.070000,-27.240000,14.860000
9.930000,-0.300000,0.150000,0.000000,0.000000,0.000000,-48.070000,-27.240000,14.860000
9.880000,-0.290000,0.100000,0.000000,0.000000,0.000000,-47.720000,-26.530000,13.820000
9.890000,-0.250000,0.090000,0.000000,0.000000,0.000000,-48.250000,-27.060000,15.380000
9.890000,-0.280000,0.120000,0.000000,0.000000,0.000000,-47.720000,-25.810000,15.550000
9.890000,-0.260000,0.100000,0.010000,0.000000,0.000000,-49.140000,-26.530000,14.510000
9.900000,-0.290000,0.120000,0.000000,0.000000,0.000000,-48.070000,-25.450000,14.860000
9.890000,-0.280000,0.130000,0.000000,0.000000,0.000000,-48.610000,-26.350000,14.000000
9.930000,-0.300000,0.090000,0.000000,0.000000,0.000000,-48.790000,-27.240000,15.200000
9.850000,-0.250000,0.110000,0.000000,0.000000,0.000000,-47.010000,-25.450000,13.820000
9.860000,-0.290000,0.140000,0.000000,0.000000,0.000000,-48.070000,-26.880000,14.860000
9.870000,-0.300000,0.160000,0.000000,0.000000,0.000000,-47.180000,-25.270000,15.380000
9.870000,-0.250000,0.120000,0.000000,0.000000,0.000000,-48.790000,-26.530000,14.170000
9.890000,-0.260000,0.160000,0.000000,0.000000,0.000000,-48.070000,-25.810000,13.820000
9.860000,-0.290000,0.060000,0.000000,0.000000,0.000000,-48.960000,-26.700000,15.720000
9.860000,-0.230000,0.180000,0.000000,0.000000,0.000000,-48.960000,-26.700000,15.720000
9.860000,-0.250000,0.100000,0.000000,0.000000,0.000000,-48.960000,-26.700000,15.720000
9.870000,-0.280000,0.110000,0.000000,0.000000,0.000000,-47.900000,-26.700000,15.030000
9.880000,-0.290000,0.180000,0.000000,0.000000,0.000000,-48.070000,-25.450000,14.170000
9.880000,-0.260000,0.130000,0.000000,0.000000,0.000000,-48.960000,-27.060000,14.690000
9.840000,-0.240000,0.140000,0.000000,0.000000,0.000000,-48.430000,-25.810000,13.480000
9.860000,-0.280000,0.150000,0.000000,0.000000,0.000000,-47.180000,-25.270000,14.690000
9.880000,-0.240000,0.120000,0.000000,0.000000,0.000000,-48.610000,-27.420000,14.690000
9.880000,-0.270000,0.090000,0.000000,0.000000,0.000000,-48.790000,-26.170000,14.170000
9.850000,-0.320000,0.090000,0.000000,0.000000,0.000000,-46.290000,-25.810000,14.170000
9.890000,-0.270000,0.110000,0.000000,0.000000,0.000000,-46.830000,-27.060000,14.000000
9.860000,-0.270000,0.220000,0.000000,0.000000,0.000000,-48.610000,-26.700000,15.030000
9.880000,-0.260000,0.120000,0.000000,0.000000,0.000000,-48.070000,-26.170000,14.510000
9.880000,-0.260000,0.130000,0.000000,0.000000,0.000000,-47.900000,-27.420000,14.690000
9.910000,-0.250000,0.150000,0.000000,0.000000,0.000000,-47.900000,-27.420000,14.690000
9.870000,-0.260000,0.140000,0.000000,0.000000,0.000000,-47.900000,-27.420000,14.690000
9.890000,-0.270000,0.110000,0.000000,0.000000,0.000000,-48.430000,-26.530000,14.170000
9.890000,-0.320000,0.180000,0.000000,0.000000,0.000000,-47.900000,-25.990000,14.690000
9.880000,-0.260000,0.170000,0.000000,0.000000,0.000000,-49.140000,-26.170000,15.900000
9.890000,-0.280000,0.160000,0.000000,0.000000,0.000000,-48.790000,-25.450000,14.510000
9.890000,-0.240000,0.080000,0.000000,0.000000,0.000000,-48.070000,-25.810000,14.510000
9.880000,-0.250000,0.200000,0.000000,0.000000,0.000000,-48.250000,-26.700000,13.300000
9.880000,-0.280000,0.160000,0.000000,0.000000,0.000000,-47.360000,-25.090000,15.200000
9.880000,-0.260000,0.240000,0.000000,0.000000,0.000000,-48.430000,-25.450000,15.200000
9.910000,-0.260000,0.120000,0.000000,0.000000,0.000000,-47.900000,-26.700000,14.690000
9.900000,-0.240000,0.200000,0.000000,0.000000,0.000000,-47.180000,-27.060000,13.650000
9.870000,-0.290000,0.110000,0.000000,0.000000,0.000000,-47.540000,-27.060000,14.690000
9.890000,-0.260000,0.190000,0.000000,0.000000,0.000000,-49.140000,-27.600000,14.510000
9.860000,-0.250000,0.120000,0.000000,0.000000,0.000000,-47.010000,-26.170000,15.550000
9.880000,-0.260000,0.100000,0.000000,0.000000,0.000000,-47.010000,-26.170000,15.550000
9.860000,-0.270000,0.140000,0.000000,0.000000,0.000000,-47.010000,-26.170000,15.550000
9.880000,-0.240000,0.110000,0.000000,0.000000,0.000000,-47.360000,-25.090000,15.200000
9.880000,-0.320000,0.130000,0.000000,0.000000,0.000000,-48.790000,-27.240000,14.510000
9.940000,-0.300000,0.140000,0.000000,0.000000,0.000000,-48.250000,-27.780000,14.000000
9.870000,-0.210000,0.130000,0.000000,0.000000,0.000000,-48.250000,-26.350000,14.340000
9.870000,-0.240000,0.130000,0.000000,0.000000,0.000000,-48.610000,-26.700000,12.960000
9.870000,-0.240000,0.100000,0.000000,0.000000,0.000000,-47.900000,-26.700000,14.000000
9.870000,-0.250000,0.140000,0.000000,0.000000,0.000000,-47.720000,-25.810000,13.820000
9.850000,-0.300000,0.110000,0.000000,0.000000,0.000000,-46.830000,-25.630000,13.650000
9.880000,-0.280000,0.110000,0.000000,0.000000,0.000000,-47.180000,-27.420000,12.960000
9.890000,-0.240000,0.120000,0.000000,0.000000,0.000000,-48.250000,-25.990000,15.030000
9.870000,-0.300000,0.130000,0.000000,0.000000,0.000000,-48.430000,-26.170000,14.510000
9.880000,-0.300000,0.110000,0.000000,0.000000,0.000000,-46.830000,-25.630000,14.000000
9.870000,-0.290000,0.100000,0.000000,0.000000,0.000000,-49.500000,-25.810000,15.200000
9.860000,-0.360000,0.150000,0.000000,0.000000,0.000000,-49.500000,-25.810000,15.200000
9.870000,-0.250000,0.150000,0.000000,0.000000,0.000000,-49.500000,-25.810000,15.200000
9.880000,-0.270000,0.140000,0.000000,0.000000,0.000000,-47.900000,-26.350000,14.690000
9.860000,-0.270000,0.130000,0.000000,0.000000,0.000000,-46.650000,-25.090000,14.170000
9.880000,-0.280000,0.180000,0.000000,0.000000,0.000000,-46.120000,-26.700000,14.690000
9.860000,-0.280000,0.200000,0.000000,0.000000,0.000000,-47.540000,-24.910000,13.300000
9.880000,-0.220000,0.100000,0.000000,0.000000,0.000000,-48.960000,-26.350000,14.340000
9.880000,-0.290000,0.070000,0.000000,0.000000,0.000000,-47.900000,-27.420000,16.760000
9.880000,-0.260000,0.180000,0.000000,0.000000,0.000000,-47.360000,-25.450000,14.860000
9.900000,-0.280000,0.090000,0.000000,0.000000,0.000000,-48.960000,-26.350000,14.690000
9.870000,-0.280000,0.200000,0.000000,0.000000,0.000000,-47.180000,-26.350000,13.300000
9.860000,-0.280000,0.160000,0.000000,0.000000,0.000000,-47.360000,-25.810000,15.550000
9.840000,-0.320000,0.150000,0.000000,0.000000,0.000000,-47.900000,-26.700000,15.030000
9.910000,-0.310000,0.120000,0.000000,0.000000,0.000000,-48.430000,-26.170000,14.170000
9.890000,-0.260000,0.110000,0.000000,0.000000,0.000000,-48.790000,-25.090000,14.510000
9.910000,-0.250000,0.110000,0.000000,0.000000,0.000000,-48.790000,-25.090000,14.510000
9.880000,-0.240000,0.130000,0.000000,0.000000,0.000000,-48.790000,-25.090000,14.510000
9.900000,-0.280000,0.130000,0.000000,0.000000,0.000000,-47.900000,-26.350000,14.000000
9.900000,-0.260000,0.100000,0.000000,0.000000,0.000000,-48.070000,-25.810000,15.550000
9.890000,-0.260000,0.090000,0.000000,0.000000,0.000000,-47.720000,-27.960000,15.200000
9.840000,-0.270000,0.160000,0.000000,0.000000,0.000000,-47.720000,-26.170000,15.200000
9.880000,-0.270000,0.140000,0.000000,0.000000,0.000000,-46.650000,-25.810000,13.130000
9.910000,-0.320000,0.110000,0.000000,0.000000,0.000000,-47.540000,-26.350000,15.030000
9.920000,-0.240000,0.080000,0.000000,0.000000,0.000000,-48.250000,-26.350000,14.340000
9.860000,-0.280000,0.100000,0.000000,0.000000,0.000000,-47.180000,-27.060000,14.340000
9.880000,-0.280000,0.120000,0.000000,0.000000,0.000000,-47.360000,-26.170000,14.510000
9.890000,-0.290000,0.140000,0.000000,0.000000,0.000000,-48.430000,-25.090000,14.860000
9.920000,-0.260000,0.070000,0.000000,0.000000,0.000000,-48.430000,-26.170000,14.860000
9.890000,-0.290000,0.130000,0.000000,0.000000,0.000000,-47.540000,-25.990000,15.380000
9.910000,-0.250000,0.200000,0.000000,0.000000,0.000000,-47.540000,-25.990000,15.380000
9.880000,-0.290000,0.100000,0.000000,0.000000,0.000000,-47.540000,-25.990000,15.380000
9.870000,-0.290000,0.070000,0.000000,0.000000,0.000000,-47.720000,-26.530000,14.860000
9.930000,-0.280000,0.160000,0.000000,0.000000,0.000000,-48.250000,-25.990000,14.340000
9.900000,-0.280000,0.160000,0.000000,0.000000,0.000000,-47.900000,-25.990000,15.380000
9.910000,-0.280000,0.120000,0.000000,0.000000,0.000000,-48.430000,-26.170000,15.200000
9.900000,-0.290000,0.150000,0.000000,0.000000,0.000000,-47.900000,-25.630000,14.340000
9.860000,-0.280000,0.120000,0.000000,0.000000,0.000000,-49.500000,-25.090000,15.200000
9.900000,-0.270000,0.130000,0.000000,0.000000,0.000000,-48.430000,-26.170000,13.480000
9.910000,-0.270000,0.100000,0.000000,0.000000,0.000000,-48.250000,-24.910000,14.000000
9.900000,-0.290000,0.180000,0.000000,0.000000,0.000000,-47.900000,-25.990000,14.000000
9.860000,-0.280000,0.080000,0.000000,0.000000,0.000000,-48.070000,-28.320000,15.550000
9.920000,-0.290000,0.200000,0.000000,0.000000,0.000000,-47.180000,-25.990000,14.340000
9.890000,-0.270000,0.150000,0.000000,0.000000,0.000000,-48.430000,-27.600000,15.550000
9.890000,-0.250000,0.190000,0.000000,0.000000,0.000000,-48.430000,-27.600000,15.550000
9.920000,-0.260000,0.180000,0.000000,0.000000,0.000000,-48.430000,-27.600000,15.550000
9.880000,-0.270000,0.160000,0.000000,0.000000,0.000000,-48.070000,-26.170000,14.510000
9.860000,-0.280000,0.170000,0.000000,0.000000,0.000000,-46.470000,-27.060000,15.030000
9.930000,-0.290000,0.200000,0.000000,0.000000,0.000000,-48.250000,-28.860000,14.690000
9.870000,-0.250000,0.230000,0.000000,0.000000,0.000000,-47.900000,-25.630000,14.340000
9.870000,-0.290000,0.160000,0.000000,0.000000,0.000000,-48.250000,-25.630000,15.720000
9.890000,-0.260000,0.180000,0.000000,0.000000,0.000000,-46.120000,-27.060000,14.000000
9.880000,-0.260000,0.160000,0.000000,0.000000,0.000000,-48.610000,-25.630000,14.340000
9.890000,-0.290000,0.110000,0.000000,0.000000,0.000000,-47.010000,-25.810000,14.860000
9.880000,-0.300000,0.080000,0.000000,0.000000,0.000000,-47.720000,-26.170000,14.860000
9.900000,-0.260000,0.130000,0.000000,0.000000,0.000000,-47.720000,-26.170000,15.200000
9.880000,-0.280000,0.090000,0.000000,0.000000,0.000000,-47.900000,-26.350000,15.030000
9.880000,-0.280000,0.160000,0.000000,0.000000,0.000000,-50.030000,-26.350000,14.340000
9.880000,-0.260000,0.180000,0.000000,0.000000,0.000000,-46.650000,-27.600000,13.820000
9.870000,-0.300000,0.110000,0.000000,0.000000,0.000000,-46.650000,-27.600000,13.820000
9.860000,-0.260000,0.170000,0.000000,0.000000,0.000000,-46.650000,-27.600000,13.820000
9.900000,-0.320000,0.160000,0.000000,0.000000,0.000000,-48.070000,-26.530000,14.860000
9.860000,-0.260000,0.160000,0.000000,0.000000,0.000000,-47.540000,-25.270000,15.380000
9.850000,-0.280000,0.120000,0.000000,0.000000,0.000000,-49.320000,-28.140000,13.650000
9.900000,-0.220000,0.090000,0.000000,0.000000,0.000000,-49.140000,-25.810000,14.170000
9.910000,-0.230000,0.120000,0.000000,0.000000,0.000000,-48.070000,-26.880000,14.510000
9.870000,-0.280000,0.140000,0.000000,0.000000,0.000000,-48.250000,-26.700000,15.030000
9.880000,-0.280000,0.130000,0.000000,0.000000,0.000000,-49.500000,-26.170000,14.510000
9.880000,-0.290000,0.210000,0.000000,0.000000,0.000000,-47.540000,-25.630000,14.690000
9.890000,-0.270000,0.210000,0.000000,0.000000,0.000000,-48.430000,-26.170000,13.820000
9.870000,-0.290000,0.180000,0.000000,0.000000,0.000000,-47.540000,-26.350000,15.380000
9.880000,-0.320000,0.160000,0.000000,0.000000,0.000000,-48.960000,-25.990000,13.300000
9.890000,-0.260000,0.160000,0.000000,0.000000,0.000000,-46.650000,-26.170000,13.820000
9.910000,-0.250000,0.180000,0.000000,0.000000,0.000000,-48.960000,-25.990000,14.690000
9.880000,-0.290000,0.140000,0.000000,0.000000,0.000000,-48.960000,-25.990000,14.690000
9.870000,-0.260000,0.130000,0.000000,0.000000,0.000000,-48.960000,-25.990000,14.690000
9.900000,-0.250000,0.140000,0.000000,0.000000,0.000000,-48.430000,-27.600000,13.480000
9.880000,-0.300000,0.190000,0.000000,0.000000,0.000000,-47.720000,-25.450000,13.820000
9.840000,-0.260000,0.190000,0.000000,0.000000,0.000000,-47.360000,-26.530000,13.480000
9.910000,-0.270000,0.100000,0.000000,0.000000,0.000000,-48.430000,-26.530000,15.200000
9.850000,-0.260000,0.110000,0.000000,0.000000,0.000000,-47.900000,-26.350000,15.380000
9.860000,-0.280000,0.120000,0.000000,0.000000,0.000000,-48.610000,-27.780000,14.000000
9.900000,-0.250000,0.090000,0.000000,0.000000,0.000000,-47.180000,-27.780000,15.380000
9.850000,-0.260000,0.140000,0.000000,0.000000,0.000000,-47.540000,-27.780000,12.960000
9.860000,-0.250000,0.160000,0.000000,0.000000,0.000000,-48.430000,-26.880000,14.860000
9.920000,-0.280000,0.160000,0.000000,0.000000,0.000000,-47.540000,-25.990000,14.000000
9.870000,-0.290000,0.080000,0.000000,0.000000,0.000000,-49.680000,-25.990000,14.340000
9.900000,-0.260000,0.120000,0.000000,0.000000,0.000000,-46.830000,-26.700000,14.000000
9.890000,-0.270000,0.130000,0.000000,0.000000,0.000000,-47.720000,-26.170000,14.510000
9.870000,-0.250000,0.170000,0.000000,0.000000,0.000000,-47.720000,-26.170000,14.510000
9.900000,-0.280000,0.130000,0.000000,0.000000,0.000000,-47.720000,-26.170000,14.510000
9.890000,-0.280000,0.140000,0.000000,0.000000,0.000000,-47.720000,-26.170000,14.510000
9.890000,-0.250000,0.180000,0.000000,0.000000,0.000000,-47.360000,-26.170000,14.170000
9.850000,-0.290000,0.130000,0.000000,0.000000,0.000000,-47.900000,-25.990000,14.690000
9.930000,-0.300000,0.150000,0.000000,0.000000,0.000000,-48.610000,-26.350000,14.690000
9.880000,-0.270000,0.170000,0.000000,0.000000,0.000000,-46.650000,-27.240000,14.510000
9.870000,-0.250000,0.160000,0.000000,0.000000,0.000000,-47.010000,-26.170000,15.200000
9.870000,-0.290000,0.170000,0.000000,0.000000,0.000000,-46.830000,-26.700000,12.960000
9.880000,-0.270000,0.100000,0.000000,0.000000,0.000000,-47.180000,-27.420000,14.000000
9.840000,-0.260000,0.170000,0.000000,0.000000,0.000000,-47.540000,-26.350000,14.340000
9.870000,-0.290000,0.140000,0.000000,0.000000,0.000000,-48.070000,-25.450000,14.510000
9.910000,-0.330000,0.130000,0.000000,0.000000,0.000000,-49.140000,-26.530000,15.900000
9.870000,-0.240000,0.130000,0.000000,0.000000,0.000000,-47.540000,-27.060000,15.380000
9.870000,-0.270000,0.030000,0.000000,0.000000,0.000000,-49.140000,-25.810000,14.170000
9.880000,-0.250000,0.110000,0.000000,0.000000,0.000000,-49.140000,-25.810000,14.170000
9.900000,-0.280000,0.140000,0.000000,0.000000,0.000000,-49.140000,-25.810000,14.170000
9.890000,-0.240000,0.150000,0.000000,0.000000,0.000000,-47.900000,-26.350000,15.030000
9.870000,-0.240000,0.180000,0.000000,0.000000,0.000000,-48.250000,-25.990000,13.650000
9.880000,-0.280000,0.140000,0.000000,0.000000,0.000000,-47.540000,-25.630000,14.000000
9.880000,-0.250000,0.080000,0.000000,0.000000,0.000000,-47.360000,-26.880000,13.820000
9.910000,-0.270000,0.220000,0.000000,0.000000,0.000000,-48.430000,-26.170000,14.510000
9.900000,-0.270000,0.180000,0.000000,0.000000,0.000000,-48.070000,-26.880000,15.200000
9.900000,-0.280000,0.180000,0.000000,0.000000,0.000000,-47.900000,-27.420000,14.340000
9.870000,-0.300000,0.120000,0.000000,0.000000,0.000000,-47.720000,-26.170000,13.820000
9.840000,-0.310000,0.140000,0.000000,0.000000,0.000000,-47.360000,-27.240000,15.200000
9.910000,-0.290000,0.170000,0.000000,0.000000,0.000000,-47.900000,-27.420000,13.650000
9.930000,-0.310000,0.140000,0.000000,0.000000,0.000000,-48.790000,-26.170000,13.820000
9.840000,-0.270000,0.150000,0.000000,0.000000,0.000000,-47.010000,-26.530000,15.900000
9.920000,-0.240000,0.150000,0.000000,0.000000,0.000000,-47.010000,-26.530000,15.900000
9.880000,-0.270000,0.170000,0.000000,0.000000,0.000000,-47.010000,-26.530000,15.900000
9.930000,-0.280000,0.140000,0.000000,0.000000,0.000000,-48.250000,-27.420000,14.690000
9.890000,-0.270000,0.160000,0.000000,0.000000,0.000000,-47.900000,-25.270000,14.340000
9.910000,-0.290000,0.110000,0.000000,0.000000,0.000000,-47.720000,-25.450000,14.860000
9.900000,-0.300000,0.120000,0.000000,0.000000,0.000000,-47.540000,-26.700000,13.650000
9.870000,-0.270000,0.060000,0.000000,0.000000,0.000000,-47.540000,-26.350000,14.000000
9.860000,-0.260000,0.080000,0.000000,0.000000,0.000000,-47.180000,-26.350000,16.410000
9.850000,-0.290000,0.100000,0.000000,0.000000,0.000000,-46.830000,-26.700000,14.340000
9.870000,-0.280000,0.110000,0.000000,0.000000,0.000000,-48.250000,-27.780000,13.650000
9.870000,-0.280000,0.190000,0.000000,0.000000,0.000000,-48.070000,-27.960000,14.170000
9.860000,-0.280000,0.150000,0.000000,0.000000,0.000000,-48.790000,-24.730000,14.510000
9.900000,-0.230000,0.130000,0.000000,0.000000,0.000000,-48.070000,-26.880000,13.820000
9.870000,-0.290000,0.210000,0.000000,0.000000,0.000000,-47.540000,-26.350000,15.380000
9.900000,-0.260000,0.150000,0.000000,0.000000,0.000000,-47.900000,-27.060000,14.690000
9.860000,-0.280000,0.070000,0.000000,0.000000,0.000000,-47.900000,-27.060000,14.690000
9.900000,-0.280000,0.120000,0.000000,0.000000,0.000000,-47.900000,-27.060000,14.690000
9.870000,-0.300000,0.160000,0.000000,0.000000,0.000000,-48.070000,-26.880000,13.820000
9.850000,-0.260000,0.150000,0.000000,0.000000,0.000000,-48.960000,-26.350000,15.030000
9.870000,-0.270000,0.180000,0.000000,0.000000,0.000000,-48.610000,-26.350000,15.030000
9.880000,-0.310000,0.130000,0.000000,0.000000,0.000000,-47.540000,-25.990000,15.030000
9.840000,-0.290000,0.120000,0.000000,0.000000,0.000000,-48.610000,-26.350000,15.720000
9.880000,-0.280000,0.220000,0.000000,0.000000,0.000000,-47.720000,-26.880000,15.200000
9.890000,-0.290000,0.080000,0.000000,0.000000,0.000000,-47.360000,-27.240000,14.170000
9.920000,-0.250000,0.150000,0.000000,0.000000,0.000000,-48.250000,-26.700000,14.690000
9.870000,-0.220000,0.140000,0.000000,0.000000,0.000000,-47.360000,-26.530000,15.550000
9.850000,-0.260000,0.150000,0.000000,0.000000,0.000000,-48.070000,-26.530000,15.200000
9.880000,-0.260000,0.130000,0.000000,0.000000,0.000000,-48.790000,-26.170000,14.860000
9.860000,-0.280000,0.140000,0.000000,0.000000,0.000000,-48.790000,-26.170000,14.860000
9.900000,-0.290000,0.150000,0.000000,0.000000,0.000000,-48.790000,-26.170000,14.860000
9.890000,-0.270000,0.070000,0.000000,0.000000,0.000000,-48.790000,-26.170000,14.860000
9.890000,-0.240000,0.160000,0.000000,0.000000,0.000000,-47.900000,-27.060000,15.030000
9.850000,-0.300000,0.180000,0.000000,0.000000,0.000000,-49.320000,-26.350000,14.690000
9.890000,-0.290000,0.140000,0.000000,0.000000,0.000000,-47.180000,-24.550000,14.690000
9.940000,-0.280000,0.150000,0.000000,0.000000,0.000000,-46.120000,-26.700000,14.690000
9.880000,-0.250000,0.180000,0.000000,0.000000,0.000000,-47.720000,-26.530000,14.860000
9.860000,-0.290000,0.090000,0.000000,0.000000,0.000000,-48.070000,-26.170000,14.170000
9.890000,-0.290000,0.080000,0.000000,0.000000,0.000000,-47.900000,-25.630000,14.690000
9.880000,-0.260000,0.120000,0.000000,0.000000,0.000000,-47.900000,-25.990000,15.030000
9.910000,-0.260000,0.110000,0.000000,0.000000,0.000000,-47.010000,-26.880000,14.860000
9.910000,-0.290000,0.190000,0.000000,0.000000,0.000000,-48.960000,-25.990000,14.000000
9.900000,-0.280000,0.130000,0.000000,0.000000,0.000000,-47.720000,-24.730000,14.860000
9.860000,-0.280000,0.190000,0.000000,0.000000,0.000000,-48.960000,-26.700000,15.380000
9.880000,-0.240000,0.160000,0.000000,0.010000,0.000000,-48.960000,-26.700000,15.380000
9.890000,-0.300000,0.140000,0.000000,0.000000,0.000000,-48.960000,-26.700000,15.380000
9.900000,-0.330000,0.140000,0.000000,0.000000,0.000000,-48.610000,-27.060000,13.650000
9.880000,-0.260000,0.180000,0.000000,0.000000,0.000000,-48.070000,-27.240000,14.860000
9.890000,-0.230000,0.120000,0.000000,0.000000,0.000000,-47.180000,-25.270000,15.030000
9.890000,-0.270000,0.060000,0.000000,0.000000,0.000000,-48.610000,-26.350000,14.340000
9.900000,-0.270000,0.160000,0.000000,0.000000,0.000000,-47.720000,-25.090000,14.860000
9.880000,-0.260000,0.090000,0.000000,0.000000,0.000000,-47.720000,-27.240000,15.200000
9.910000,-0.250000,0.180000,0.000000,0.000000,0.000000,-46.830000,-27.060000,15.030000
9.900000,-0.310000,0.140000,0.000000,0.000000,0.000000,-47.540000,-25.990000,13.650000
9.890000,-0.280000,0.100000,0.000000,0.000000,0.000000,-48.610000,-26.350000,15.030000
9.860000,-0.260000,0.140000,0.000000,0.000000,0.000000,-49.140000,-26.170000,15.200000
9.920000,-0.290000,0.110000,0.000000,0.000000,0.000000,-47.720000,-26.170000,15.550000
9.880000,-0.260000,0.060000,0.000000,0.000000,0.000000,-47.900000,-25.990000,13.300000
9.930000,-0.290000,0.160000,0.000000,0.000000,0.000000,-47.010000,-25.810000,13.820000
9.840000,-0.280000,0.160000,0.000000,0.000000,0.000000,-47.010000,-25.810000,13.820000
9.850000,-0.250000,0.130000,0.000000,0.000000,0.000000,-47.010000,-25.810000,13.820000
9.900000,-0.270000,0.120000,0.000000,0.000000,0.000000,-48.430000,-25.810000,15.200000
9.890000,-0.260000,0.110000,0.000000,0.000000,0.000000,-48.070000,-27.240000,15.550000
9.900000,-0.280000,0.080000,0.000000,0.000000,0.000000,-47.180000,-25.990000,14.000000
9.860000,-0.240000,0.100000,0.000000,0.000000,0.000000,-48.430000,-26.880000,14.510000
9.910000,-0.240000,0.190000,0.000000,0.000000,0.000000,-46.290000,-25.810000,14.860000
9.840000,-0.300000,0.130000,0.000000,0.000000,0.000000,-47.900000,-26.700000,14.000000
9.860000,-0.280000,0.150000,0.000000,0.000000,0.000000,-47.180000,-27.420000,14.340000
9.890000,-0.310000,0.160000,0.000000,0.000000,0.000000,-48.430000,-26.880000,14.510000
9.890000,-0.290000,0.080000,0.000000,0.000000,0.000000,-47.900000,-27.060000,14.690000
9.860000,-0.270000,0.120000,0.000000,0.000000,0.000000,-46.830000,-26.700000,15.030000
9.870000,-0.250000,0.110000,0.000000,0.000000,0.000000,-47.010000,-25.450000,13.820000
9.890000,-0.230000,0.170000,0.000000,0.000000,0.000000,-47.360000,-27.600000,14.860000
9.860000,-0.260000,0.110000,0.000000,0.000000,0.000000,-47.010000,-26.530000,15.200000
9.890000,-0.290000,0.090000,0.000000,0.000000,0.000000,-48.960000,-26.350000,14.340000
9.880000,-0.300000,0.120000,0.000000,0.000000,0.000000,-48.960000,-26.350000,14.340000
9.870000,-0.280000,0.140000,0.000000,0.000000,0.000000,-48.960000,-26.350000,14.340000
9.880000,-0.270000,0.200000,0.000000,0.000000,0.000000,-47.010000,-26.880000,15.200000
9.870000,-0.260000,0.080000,0.000000,0.000000,0.000000,-48.610000,-25.270000,13.650000
9.860000,-0.260000,0.160000,0.000000,0.000000,0.000000,-49.140000,-26.530000,14.510000
9.890000,-0.260000,0.140000,0.000000,0.000000,0.000000,-46.650000,-25.810000,14.170000
9.850000,-0.270000,0.140000,0.000000,0.000000,0.000000,-48.430000,-26.530000,14.860000
9.870000,-0.280000,0.100000,0.000000,0.000000,0.000000,-48.250000,-27.060000,15.030000
9.880000,-0.260000,0.170000,0.000000,0.000000,0.000000,-47.360000,-27.240000,13.820000
9.870000,-0.260000,0.080000,0.000000,0.000000,0.000000,-47.540000,-26.350000,15.720000
9.900000,-0.240000,0.130000,0.000000,0.000000,0.000000,-47.180000,-25.990000,14.690000
9.910000,-0.220000,0.150000,0.000000,0.000000,0.000000,-49.320000,-25.990000,15.380000
9.910000,-0.270000,0.170000,0.000000,0.000000,0.000000,-47.900000,-27.060000,14.000000
9.860000,-0.270000,0.160000,0.000000,0.000000,0.000000,-47.180000,-27.060000,14.690000
9.910000,-0.280000,0.130000,0.000000,0.000000,0.000000,-47.720000,-26.170000,14.170000
9.900000,-0.260000,0.190000,0.000000,0.000000,0.000000,-47.720000,-26.170000,14.170000
9.860000,-0.290000,0.190000,0.000000,0.000000,0.000000,-47.720000,-26.170000,14.170000
9.900000,-0.250000,0.150000,0.000000,0.000000,0.000000,-47.010000,-26.170000,14.170000
9.900000,-0.290000,0.150000,0.000000,0.000000,0.000000,-48.250000,-26.350000,14.340000
9.910000,-0.290000,0.130000,0.000000,0.000000,0.000000,-47.900000,-27.780000,14.690000
9.930000,-0.230000,0.110000,0.000000,0.000000,0.000000,-48.250000,-26.700000,14.000000
9.890000,-0.260000,0.110000,0.000000,0.000000,0.000000,-47.720000,-26.170000,14.860000
9.900000,-0.300000,0.120000,0.000000,0.000000,0.000000,-48.960000,-25.990000,14.000000
9.870000,-0.240000,0.110000,0.000000,0.000000,0.000000,-47.540000,-25.630000,14.690000
9.860000,-0.230000,0.140000,0.000000,0.000000,0.000000,-48.250000,-27.060000,14.340000
9.850000,-0.260000,0.120000,0.000000,0.000000,0.000000,-46.120000,-25.990000,15.380000
9.870000,-0.290000,0.120000,0.000000,0.000000,0.000000,-48.250000,-26.700000,14.000000
9.880000,-0.280000,0.100000,0.000000,0.000000,0.000000,-48.250000,-24.370000,15.550000
9.880000,-0.310000,0.140000,0.000000,0.000000,0.000000,-46.290000,-27.960000,13.820000
9.890000,-0.250000,0.180000,0.000000,0.000000,0.000000,-46.290000,-27.960000,13.820000
9.860000,-0.280000,0.090000,0.000000,0.000000,0.000000,-46.290000,-27.960000,13.820000
9.900000,-0.270000,0.120000,0.000000,0.000000,0.000000,-46.290000,-27.960000,13.820000
9.860000,-0.290000,0.220000,0.000000,0.000000,0.000000,-47.720000,-25.810000,14.170000
9.910000,-0.280000,0.270000,0.000000,0.000000,0.000000,-48.790000,-26.530000,15.200000
9.870000,-0.280000,0.070000,0.000000,0.000000,0.000000,-48.070000,-26.170000,13.820000
9.890000,-0.280000,0.140000,0.000000,0.000000,0.000000,-48.960000,-26.700000,14.690000
9.860000,-0.230000,0.150000,0.000000,0.000000,0.000000,-48.070000,-25.810000,14.510000
9.870000,-0.250000,0.140000,0.000000,0.000000,0.000000,-48.430000,-27.240000,14.860000
9.890000,-0.280000,0.170000,0.000000,0.000000,0.000000,-48.430000,-26.530000,13.820000
9.860000,-0.260000,0.130000,0.000000,0.000000,0.000000,-48.250000,-26.700000,14.000000
9.880000,-0.290000,0.140000,0.000000,0.000000,0.000000,-48.790000,-26.170000,14.860000
9.890000,-0.250000,0.090000,0.000000,0.000000,0.000000,-47.720000,-26.170000,13.820000
9.910000,-0.280000,0.110000,0.000000,0.000000,0.000000,-47.010000,-25.810000,13.130000
9.910000,-0.290000,0.090000,0.000000,0.000000,0.000000,-48.250000,-26.350000,14.690000
9.920000,-0.270000,0.130000,0.000000,0.000000,0.000000,-48.250000,-26.350000,14.690000
9.880000,-0.270000,0.110000,0.000000,0.000000,0.000000,-48.250000,-26.350000,14.690000
9.850000,-0.250000,0.150000,0.000000,0.000000,0.000000,-47.900000,-26.350000,15.720000
9.880000,-0.250000,0.110000,0.000000,0.000000,0.000000,-48.070000,-26.530000,14.860000
9.870000,-0.280000,0.180000,0.000000,0.000000,0.000000,-49.140000,-27.240000,13.820000
9.900000,-0.260000,0.180000,0.000000,0.000000,0.000000,-47.010000,-26.880000,13.820000
9.900000,-0.250000,0.140000,0.000000,0.000000,0.000000,-47.900000,-27.060000,14.340000
9.840000,-0.310000,0.130000,0.000000,0.000000,0.000000,-48.430000,-27.240000,14.510000
9.890000,-0.260000,0.100000,0.000000,0.000000,0.000000,-47.900000,-25.630000,14.340000
9.870000,-0.290000,0.090000,0.000000,0.000000,0.000000,-47.360000,-26.530000,15.550000
9.870000,-0.280000,0.110000,0.000000,0.000000,0.000000,-48.610000,-25.270000,15.720000
9.880000,-0.240000,0.170000,0.000000,0.000000,0.000000,-47.900000,-25.990000,14.000000
9.870000,-0.240000,0.160000,0.000000,0.010000,0.000000,-48.070000,-27.240000,13.820000
9.890000,-0.240000,0.130000,0.000000,0.000000,0.000000,-48.610000,-26.700000,16.410000
9.870000,-0.250000,0.140000,-0.010000,0.000000,0.000000,-48.250000,-26.350000,15.030000
9.850000,-0.260000,0.120000,0.000000,0.000000,0.000000,-48.250000,-26.350000,15.030000
9.870000,-0.310000,0.070000,0.000000,0.000000,0.000000,-48.250000,-26.350000,15.030000
9.880000,-0.280000,0.140000,0.000000,0.000000,0.000000,-48.250000,-27.060000,13.650000
9.860000,-0.280000,0.130000,0.000000,0.000000,0.000000,-46.650000,-26.170000,13.480000
9.870000,-0.300000,0.160000,0.000000,0.000000,0.000000,-47.180000,-28.140000,14.000000
9.930000,-0.290000,0.110000,0.000000,0.000000,0.000000,-48.430000,-27.240000,13.820000
9.880000,-0.230000,0.110000,0.000000,0.000000,0.000000,-47.720000,-27.240000,13.480000
9.880000,-0.270000,0.140000,0.000000,0.000000,0.000000,-48.610000,-27.420000,15.380000
9.880000,-0.260000,0.120000,0.000000,0.000000,0.000000,-48.250000,-26.350000,14.000000
9.880000,-0.270000,0.120000,0.000000,0.000000,0.000000,-48.610000,-27.780000,13.300000
9.920000,-0.250000,0.100000,0.000000,0.000000,0.000000,-47.010000,-27.240000,14.170000
9.880000,-0.290000,0.170000,0.000000,0.000000,0.000000,-47.010000,-26.880000,14.510000
9.810000,-0.270000,0.110000,0.000000,0.000000,0.000000,-48.430000,-26.530000,14.170000
9.880000,-0.270000,0.130000,0.000000,0.000000,0.000000,-48.610000,-26.350000,14.690000
9.890000,-0.240000,0.100000,0.000000,0.000000,0.000000,-48.790000,-28.320000,15.900000
9.870000,-0.260000,0.110000,0.000000,0.000000,0.000000,-48.790000,-28.320000,15.900000
9.900000,-0.290000,0.150000,0.000000,0.000000,0.000000,-48.790000,-28.320000,15.900000
9.900000,-0.270000,0.170000,0.000000,0.000000,0.000000,-46.470000,-25.990000,15.380000
9.900000,-0.320000,0.130000,0.000000,0.000000,0.000000,-47.900000,-25.990000,14.340000
9.880000,-0.240000,0.190000,0.000000,0.000000,0.000000,-47.900000,-26.350000,14.690000
9.860000,-0.240000,0.120000,0.000000,0.000000,0.000000,-47.010000,-25.810000,15.200000
9.930000,-0.240000,0.110000,0.000000,0.000000,0.000000,-48.610000,-26.700000,14.000000
9.890000,-0.270000,0.110000,0.000000,0.000000,0.000000,-47.180000,-25.630000,14.340000
9.870000,-0.290000,0.080000,0.000000,0.000000,0.000000,-48.430000,-24.730000,14.170000
9.870000,-0.290000,0.080000,0.000000,0.000000,0.000000,-47.360000,-26.530000,15.900000
9.910000,-0.280000,0.190000,0.000000,0.000000,0.000000,-47.540000,-25.990000,14.690000
9.890000,-0.260000,0.150000,0.000000,0.000000,0.000000,-47.900000,-26.350000,14.340000
9.870000,-0.290000,0.190000,0.000000,0.000000,-0.010000,-49.850000,-27.240000,14.510000
9.840000,-0.250000,0.130000,0.000000,0.000000,0.000000,-47.900000,-25.990000,14.000000
9.880000,-0.260000,0.120000,0.000000,0.000000,0.000000,-47.900000,-27.060000,14.690000
9.890000,-0.260000,0.200000,0.000000,0.000000,0.000000,-47.900000,-27.060000,14.690000
9.930000,-0.280000,0.090000,0.000000,0.000000,0.000000,-47.900000,-27.060000,14.690000
9.900000,-0.260000,0.150000,0.000000,0.000000,0.000000,-48.790000,-26.880000,15.200000
9.870000,-0.250000,0.170000,0.000000,0.000000,0.000000,-47.720000,-27.960000,14.170000
9.920000,-0.270000,0.160000,0.000000,0.000000,0.000000,-47.540000,-24.200000,15.380000
9.890000,-0.250000,0.100000,0.000000,0.000000,0.000000,-48.070000,-25.990000,14.000000
9.920000,-0.300000,0.120000,0.000000,0.000000,0.000000,-47.540000,-26.700000,14.340000
9.860000,-0.280000,0.110000,0.000000,0.000000,0.000000,-47.540000,-27.060000,15.030000
9.920000,-0.270000,0.080000,0.000000,0.000000,0.000000,-48.070000,-26.530000,14.510000
9.890000,-0.270000,0.150000,0.000000,0.000000,0.000000,-48.610000,-25.990000,14.000000
9.860000,-0.260000,0.110000,0.000000,0.000000,0.000000,-48.430000,-26.530000,14.860000
9.900000,-0.280000,0.160000,0.000000,0.000000,0.000000,-47.540000,-26.350000,15.380000
9.870000,-0.240000,0.110000,0.000000,0.000000,0.000000,-47.540000,-25.270000,13.650000
9.880000,-0.250000,0.100000,0.000000,0.000000,0.000000,-48.430000,-27.240000,13.480000
9.860000,-0.280000,0.170000,0.000000,0.000000,0.000000,-46.650000,-26.880000,14.510000
9.890000,-0.280000,0.100000,0.000000,0.000000,0.000000,-46.650000,-26.880000,14.510000
9.890000,-0.280000,0.110000,0.000000,0.000000,0.000000,-46.650000,-26.880000,14.510000
9.900000,-0.250000,0.170000,0.000000,0.000000,0.000000,-48.070000,-26.170000,15.200000
9.880000,-0.290000,0.160000,0.000000,0.000000,0.000000,-48.250000,-27.420000,14.340000
9.870000,-0.280000,0.110000,0.000000,0.000000,0.000000,-47.180000,-28.860000,14.000000
9.880000,-0.280000,0.150000,0.000000,0.000000,0.000000,-48.070000,-25.810000,15.550000
9.860000,-0.290000,0.140000,0.000000,0.000000,0.000000,-48.070000,-26.530000,15.200000
9.910000,-0.270000,0.160000,0.000000,0.000000,0.000000,-47.720000,-26.170000,15.900000
9.900000,-0.290000,0.180000,0.000000,0.000000,0.000000,-47.720000,-26.530000,14.860000
9.910000,-0.290000,0.130000,0.000000,0.000000,0.000000,-47.010000,-27.600000,14.510000
9.870000,-0.300000,0.180000,0.000000,0.000000,0.000000,-47.900000,-27.780000,15.030000
9.870000,-0.280000,0.150000,0.000000,0.000000,0.000000,-48.250000,-27.060000,15.030000
9.920000,-0.240000,0.100000,0.000000,0.000000,0.000000,-47.360000,-26.880000,15.200000
9.920000,-0.280000,0.120000,0.000000,0.000000,0.000000,-48.070000,-26.880000,13.480000
9.900000,-0.220000,0.090000,0.000000,0.000000,0.000000,-47.180000,-26.350000,14.340000
9.890000,-0.280000,0.160000,0.000000,0.000000,0.000000,-47.180000,-26.350000,14.340000
9.860000,-0.270000,0.120000,0.000000,0.000000,0.000000,-47.180000,-26.350000,14.340000
9.890000,-0.270000,0.150000,0.000000,0.000000,0.000000,-47.720000,-26.880000,16.240000
9.890000,-0.280000,0.090000,0.000000,0.000000,0.000000,-47.720000,-26.880000,13.820000
9.870000,-0.290000,0.100000,0.000000,0.000000,0.000000,-48.430000,-25.450000,13.820000
9.880000,-0.300000,0.130000,0.000000,0.000000,0.000000,-48.250000,-27.060000,15.030000
9.900000,-0.260000,0.160000,0.000000,0.000000,0.000000,-47.180000,-26.350000,15.380000
9.920000,-0.280000,0.120000,0.000000,0.000000,0.000000,-47.180000,-26.700000,15.030000
9.910000,-0.280000,0.200000,0.000000,0.000000,0.000000,-46.650000,-25.450000,14.170000
9.880000,-0.260000,0.170000,0.000000,0.000000,0.000000,-48.610000,-25.990000,14.690000
9.900000,-0.250000,0.110000,0.000000,0.000000,0.000000,-49.140000,-26.170000,13.820000
9.880000,-0.250000,0.110000,0.000000,0.000000,0.000000,-48.430000,-26.530000,14.510000
9.880000,-0.260000,0.110000,0.000000,0.000000,0.000000,-46.650000,-26.170000,14.860000
9.870000,-0.300000,0.110000,0.000000,0.000000,0.000000,-47.540000,-25.990000,14.690000
9.870000,-0.250000,0.170000,0.000000,0.000000,0.000000,-48.790000,-26.880000,14.860000
9.860000,-0.300000,0.150000,0.000000,0.000000,0.000000,-48.790000,-26.880000,14.860000
9.900000,-0.290000,0.100000,0.000000,0.000000,0.000000,-48.790000,-26.880000,14.860000
9.940000,-0.260000,0.120000,0.000000,0.000000,0.000000,-48.070000,-24.730000,15.200000
9.860000,-0.270000,0.130000,0.000000,0.000000,0.000000,-47.540000,-26.700000,15.380000
9.860000,-0.280000,0.130000,0.000000,0.000000,0.000000,-47.360000,-27.240000,13.480000
9.900000,-0.230000,0.170000,0.000000,0.000000,0.000000,-47.360000,-25.810000,14.860000
9.870000,-0.280000,0.110000,0.000000,0.000000,0.000000,-48.610000,-27.780000,14.000000
9.920000,-0.260000,0.140000,0.000000,0.000000,0.000000,-47.900000,-28.140000,15.380000
9.890000,-0.250000,0.160000,0.000000,0.000000,0.000000,-48.960000,-26.700000,12.610000
9.860000,-0.260000,0.200000,0.000000,0.000000,0.000000,-47.010000,-26.530000,14.510000
9.890000,-0.260000,0.160000,0.000000,0.000000,0.000000,-48.610000,-25.990000,14.000000
9.880000,-0.270000,0.190000,0.000000,0.000000,0.000000,-48.610000,-26.700000,14.340000
9.870000,-0.240000,0.170000,0.000000,0.000000,0.000000,-47.900000,-27.060000,15.380000
9.870000,-0.270000,0.120000,0.000000,0.000000,0.000000,-47.180000,-27.420000,15.030000
9.860000,-0.240000,0.160000,0.000000,0.000000,0.000000,-47.900000,-28.140000,14.690000
9.870000,-0.250000,0.110000,0.000000,0.000000,0.000000,-47.900000,-28.140000,14.690000
9.890000,-0.260000,0.110000,0.000000,0.000000,0.000000,-47.900000,-28.140000,14.690000
9.870000,-0.280000,0.140000,0.000000,0.000000,0.000000,-47.540000,-25.990000,15.030000
9.850000,-0.260000,0.170000,0.000000,0.000000,0.000000,-48.610000,-26.350000,14.340000
9.870000,-0.290000,0.080000,0.000000,0.000000,0.000000,-48.250000,-25.990000,13.650000
9.860000,-0.280000,0.150000,0.000000,0.000000,0.000000,-48.790000,-26.170000,14.860000
9.900000,-0.310000,0.120000,0.000000,0.000000,0.000000,-48.070000,-27.240000,13.820000
9.860000,-0.280000,0.170000,0.000000,0.000000,0.000000,-48.430000,-26.530000,13.820000
9.940000,-0.270000,0.130000,0.000000,0.000000,0.000000,-48.610000,-26.350000,14.340000
9.860000,-0.280000,0.140000,0.000000,0.000000,0.000000,-47.360000,-27.240000,14.170000
9.900000,-0.260000,0.150000,0.000000,0.000000,0.000000,-47.360000,-26.170000,14.860000
9.910000,-0.250000,0.170000,0.000000,0.000000,0.000000,-48.070000,-27.240000,13.480000
9.890000,-0.300000,0.150000,0.000000,0.000000,0.000000,-49.320000,-27.060000,14.690000
9.860000,-0.270000,0.100000,0.000000,0.000000,0.000000,-48.070000,-26.170000,13.130000
9.900000,-0.290000,0.200000,0.000000,0.000000,0.000000,-48.070000,-26.170000,13.130000
9.900000,-0.280000,0.120000,0.000000,0.000000,0.000000,-48.070000,-26.170000,13.130000
9.910000,-0.250000,0.130000,0.000000,0.000000,0.000000,-49.140000,-26.530000,15.550000
9.900000,-0.230000,0.090000,0.000000,0.000000,0.000000,-47.900000,-25.630000,15.720000
9.870000,-0.250000,0.120000,0.000000,0.000000,0.000000,-48.250000,-26.700000,14.690000
9.870000,-0.270000,0.130000,0.000000,0.000000,0.000000,-48.790000,-25.810000,15.550000
9.890000,-0.260000,0.140000,0.000000,0.000000,0.000000,-47.540000,-25.990000,16.070000
9.890000,-0.290000,0.100000,0.000000,0.000000,0.000000,-46.830000,-25.990000,15.720000
9.850000,-0.270000,0.130000,0.000000,0.000000,0.000000,-47.180000,-27.420000,14.000000
9.890000,-0.280000,0.110000,0.000000,0.000000,0.000000,-48.250000,-25.990000,13.650000
9.910000,-0.240000,0.120000,0.000000,0.000000,0.000000,-48.790000,-26.530000,13.480000
9.870000,-0.280000,0.140000,0.000000,0.000000,0.000000,-47.360000,-26.880000,15.200000
9.860000,-0.290000,0.090000,0.000000,0.000000,0.000000,-47.900000,-26.700000,14.340000
9.870000,-0.290000,0.140000,0.000000,0.000000,0.000000,-48.430000,-26.170000,14.510000
9.890000,-0.270000,0.110000,0.000000,0.000000,0.000000,-48.960000,-27.060000,12.610000
9.860000,-0.250000,0.200000,0.000000,0.000000,0.000000,-48.960000,-27.060000,12.610000
9.850000,-0.270000,0.140000,0.000000,0.000000,0.000000,-48.960000,-27.060000,12.610000
9.900000,-0.240000,0.120000,0.000000,0.000000,0.000000,-47.540000,-27.420000,13.300000
9.860000,-0.280000,0.160000,0.000000,0.000000,0.000000,-48.250000,-26.350000,15.380000
9.880000,-0.250000,0.150000,0.000000,0.000000,0.000000,-48.250000,-26.350000,16.070000
9.860000,-0.240000,0.160000,0.000000,0.000000,0.000000,-49.320000,-25.270000,15.030000
9.920000,-0.300000,0.150000,0.000000,0.000000,0.000000,-47.900000,-26.350000,15.030000
9.890000,-0.280000,0.160000,0.000000,0.000000,0.000000,-48.070000,-26.530000,13.820000
9.870000,-0.280000,0.100000,0.000000,0.000000,0.000000,-47.720000,-26.170000,14.510000
9.880000,-0.250000,0.120000,0.000000,0.000000,0.000000,-49.140000,-26.170000,13.130000
9.900000,-0.260000,0.090000,0.000000,0.000000,0.000000,-48.610000,-24.200000,14.690000
9.890000,-0.290000,0.160000,0.000000,0.000000,0.000000,-47.720000,-27.240000,15.200000
9.890000,-0.260000,0.120000,0.000000,0.000000,0.000000,-47.900000,-26.700000,14.340000
9.890000,-0.260000,0.200000,0.000000,0.000000,0.000000,-48.070000,-26.170000,13.130000
9.880000,-0.320000,0.110000,0.000000,0.000000,0.000000,-48.960000,-26.700000,13.650000
9.880000,-0.270000,0.160000,0.000000,0.000000,0.000000,-48.960000,-26.700000,13.650000
9.920000,-0.310000,0.110000,0.000000,0.000000,0.000000,-48.960000,-26.700000,13.650000
9.920000,-0.270000,0.160000,0.000000,0.000000,0.000000,-48.430000,-26.530000,14.170000
9.880000,-0.250000,0.160000,0.000000,0.000000,0.000000,-47.010000,-25.450000,14.860000
9.900000,-0.270000,0.160000,0.000000,0.000000,0.000000,-48.070000,-26.170000,14.170000
9.920000,-0.270000,0.180000,0.000000,0.000000,0.000000,-46.290000,-25.450000,15.200000
9.910000,-0.300000,0.140000,0.000000,0.000000,0.000000,-48.960000,-27.060000,14.340000
9.890000,-0.260000,0.150000,0.000000,0.000000,0.000000,-47.900000,-26.350000,15.030000
9.870000,-0.240000,0.100000,0.000000,0.000000,0.000000,-48.610000,-27.780000,13.650000
9.880000,-0.280000,0.160000,0.000000,0.000000,0.000000,-48.070000,-26.170000,15.200000
9.920000,-0.270000,0.160000,0.000000,0.000000,0.000000,-47.360000,-27.600000,16.590000
9.870000,-0.280000,0.110000,0.000000,0.000000,0.000000,-48.610000,-25.990000,15.380000
9.920000,-0.270000,0.110000,0.000000,0.000000,0.000000,-48.430000,-26.530000,14.510000
9.890000,-0.250000,0.140000,0.000000,0.000000,0.000000,-48.070000,-27.240000,14.170000
9.910000,-0.240000,0.130000,0.000000,0.000000,0.000000,-48.070000,-27.240000,14.170000
9.890000,-0.290000,0.120000,0.000000,0.000000,0.000000,-48.070000,-27.240000,14.170000
9.880000,-0.300000,0.120000,0.000000,0.000000,0.000000,-48.250000,-25.990000,14.690000
9.890000,-0.240000,0.110000,0.000000,0.000000,0.000000,-47.180000,-27.060000,14.690000
9.890000,-0.270000,0.150000,0.000000,0.000000,0.000000,-48.250000,-26.700000,15.030000
9.900000,-0.250000,0.080000,0.000000,0.000000,0.000000,-47.010000,-25.810000,15.550000
9.880000,-0.290000,0.130000,0.000000,0.000000,0.000000,-48.070000,-27.600000,14.860000
9.890000,-0.300000,0.120000,0.000000,0.000000,0.000000,-47.360000,-26.170000,14.860000
9.880000,-0.260000,0.080000,0.000000,0.000000,0.000000,-47.180000,-26.350000,14.340000
9.860000,-0.260000,0.140000,0.000000,0.000000,0.000000,-48.250000,-27.420000,14.340000
9.870000,-0.290000,0.180000,0.000000,0.000000,0.000000,-47.540000,-24.910000,13.650000
9.860000,-0.270000,0.110000,0.000000,0.000000,0.000000,-48.070000,-26.530000,13.820000
9.890000,-0.300000,0.160000,0.000000,0.000000,0.000000,-48.960000,-25.630000,14.690000
9.890000,-0.290000,0.150000,0.000000,0.000000,0.000000,-47.360000,-26.170000,14.510000
9.910000,-0.290000,0.160000,0.000000,0.000000,0.000000,-47.900000,-25.630000,15.720000
9.870000,-0.260000,0.130000,0.000000,0.000000,0.000000,-47.900000,-25.630000,15.720000
9.860000,-0.270000,0.180000,0.000000,0.000000,0.000000,-47.900000,-25.630000,15.720000
9.840000,-0.240000,0.160000,0.000000,0.000000,0.000000,-47.900000,-26.700000,14.000000
9.880000,-0.250000,0.220000,0.000000,0.000000,0.000000,-47.360000,-25.810000,14.510000
9.900000,-0.280000,0.110000,0.000000,0.000000,0.000000,-49.320000,-25.630000,14.340000
9.900000,-0.260000,0.160000,0.000000,0.000000,0.000000,-47.540000,-26.700000,15.380000
9.890000,-0.270000,0.120000,0.000000,0.000000,0.000000,-47.180000,-26.700000,14.690000
9.810000,-0.320000,0.120000,0.000000,0.000000,0.000000,-48.430000,-26.880000,13.820000
9.880000,-0.280000,0.150000,0.000000,0.000000,0.000000,-48.250000,-27.420000,14.000000
9.890000,-0.270000,0.160000,0.000000,0.000000,0.000000,-47.360000,-25.810000,14.510000
9.860000,-0.270000,0.060000,0.000000,0.000000,0.000000,-48.250000,-26.350000,14.690000
9.900000,-0.300000,0.180000,0.000000,0.000000,0.000000,-48.070000,-25.810000,15.200000
9.900000,-0.230000,0.130000,0.000000,0.000000,0.000000,-48.790000,-26.530000,14.170000
9.830000,-0.260000,0.110000,0.000000,0.000000,0.000000,-48.430000,-25.450000,14.860000
9.880000,-0.270000,0.180000,0.000000,0.000000,0.000000,-48.430000,-25.450000,14.860000
9.860000,-0.240000,0.180000,0.000000,0.000000,0.000000,-48.430000,-25.450000,14.860000
9.870000,-0.280000,0.130000,0.000000,0.000000,0.000000,-47.360000,-26.880000,14.860000
9.870000,-0.280000,0.130000,0.000000,0.000000,0.000000,-48.430000,-26.170000,14.860000
9.880000,-0.270000,0.150000,0.000000,0.000000,0.000000,-48.070000,-25.450000,14.860000
9.900000,-0.250000,0.100000,0.000000,0.000000,0.000000,-47.540000,-25.990000,15.380000
9.860000,-0.270000,0.150000,0.000000,0.000000,0.000000,-48.790000,-27.240000,14.860000
9.900000,-0.250000,0.110000,0.000000,0.000000,0.000000,-47.900000,-25.990000,14.690000
9.880000,-0.240000,0.220000,0.000000,0.000000,0.000000,-48.070000,-26.880000,15.200000
9.880000,-0.270000,0.150000,0.000000,0.000000,0.000000,-47.720000,-27.240000,14.170000
9.890000,-0.300000,0.160000,0.000000,0.000000,0.000000,-46.830000,-25.270000,15.720000
9.890000,-0.260000,0.170000,0.000000,0.000000,0.000000,-47.360000,-26.170000,14.510000
9.920000,-0.240000,0.100000,0.000000,0.000000,0.000000,-47.540000,-25.990000,15.720000
9.860000,-0.240000,0.120000,0.000000,0.000000,0.000000,-47.900000,-27.420000,15.380000
9.910000,-0.320000,0.150000,0.000000,0.000000,0.000000,-48.790000,-27.240000,14.510000
9.890000,-0.250000,0.150000,0.000000,0.000000,0.000000,-48.790000,-27.240000,14.510000
9.890000,-0.290000,0.180000,0.000000,0.000000,0.000000,-48.790000,-27.240000,14.510000
9.900000,-0.260000,0.070000,0.000000,0.000000,0.000000,-47.540000,-26.700000,14.690000
9.890000,-0.280000,0.200000,0.000000,0.000000,0.000000,-48.960000,-26.700000,14.690000
9.880000,-0.300000,0.160000,0.000000,0.000000,0.000000,-47.900000,-26.700000,14.340000
9.880000,-0.250000,0.130000,0.000000,0.000000,0.000000,-46.830000,-28.140000,15.720000
9.910000,-0.280000,0.070000,0.000000,0.000000,0.000000,-47.360000,-28.320000,13.820000
9.890000,-0.260000,0.130000,0.000000,0.000000,0.000000,-48.250000,-26.700000,13.300000
9.900000,-0.270000,0.180000,0.000000,0.000000,0.000000,-48.070000,-27.600000,15.200000
9.870000,-0.250000,0.140000,0.000000,0.000000,0.000000,-47.540000,-25.270000,15.030000
9.880000,-0.270000,0.110000,0.000000,0.000000,0.000000,-48.070000,-25.090000,14.860000
9.880000,-0.290000,0.150000,0.000000,0.000000,0.000000,-48.430000,-27.600000,14.860000
9.870000,-0.280000,0.030000,0.000000,0.000000,0.000000,-48.070000,-26.880000,13.480000
9.880000,-0.260000,0.110000,0.000000,0.000000,0.000000,-47.720000,-26.170000,14.510000
9.870000,-0.280000,0.140000,0.000000,0.000000,0.000000,-47.900000,-26.350000,15.720000
9.890000,-0.300000,0.150000,0.000000,0.000000,0.000000,-47.900000,-26.350000,15.720000
9.900000,-0.260000,0.110000,0.000000,0.000000,0.000000,-47.900000,-26.350000,15.720000
9.880000,-0.300000,0.180000,0.000000,0.000000,0.000000,-48.430000,-26.880000,15.550000
9.880000,-0.270000,0.130000,0.000000,0.000000,0.000000,-48.430000,-26.880000,15.550000
9.880000,-0.280000,0.130000,0.000000,0.000000,0.000000,-46.830000,-27.060000,14.000000
9.860000,-0.280000,0.140000,0.000000,0.000000,0.000000,-48.430000,-25.450000,13.820000
9.860000,-0.270000,0.110000,0.000000,0.000000,0.000000,-48.430000,-25.450000,14.860000
9.880000,-0.270000,0.110000,0.000000,0.000000,0.000000,-47.900000,-26.350000,14.340000
9.890000,-0.230000,0.100000,0.000000,0.000000,0.000000,-47.540000,-25.630000,13.650000
9.880000,-0.290000,0.100000,0.000000,0.000000,0.000000,-49.320000,-26.350000,14.000000
9.890000,-0.260000,0.070000,0.000000,0.000000,0.000000,-50.030000,-26.350000,13.650000
9.880000,-0.270000,0.130000,0.000000,0.000000,0.000000,-47.720000,-27.960000,14.860000
9.920000,-0.270000,0.140000,0.000000,0.000000,0.000000,-48.070000,-27.240000,14.860000
9.860000,-0.250000,0.180000,0.000000,0.000000,0.000000,-47.900000,-24.910000,15.030000
9.980000,-0.230000,0.130000,0.000000,0.000000,0.000000,-47.900000,-24.910000,15.030000
9.890000,-0.270000,0.120000,0.000000,0.000000,0.000000,-47.900000,-24.910000,15.030000
9.870000,-0.230000,0.110000,0.000000,0.000000,0.000000,-47.360000,-26.170000,14.170000
9.870000,-0.250000,0.120000,0.000000,0.000000,0.000000,-48.250000,-25.630000,16.070000
9.860000,-0.260000,0.150000,0.000000,0.010000,0.000000,-47.900000,-27.420000,14.690000
9.950000,-0.290000,0.160000,0.000000,0.000000,0.000000,-48.250000,-27.060000,14.690000
9.920000,-0.280000,0.120000,0.000000,0.000000,0.000000,-48.790000,-25.810000,15.900000
9.920000,-0.260000,0.170000,0.000000,0.000000,0.000000,-48.070000,-27.960000,14.860000
9.880000,-0.260000,0.150000,0.000000,0.000000,0.000000,-47.720000,-27.600000,15.200000
9.860000,-0.250000,0.090000,0.000000,0.000000,0.000000,-48.250000,-26.350000,15.380000
9.850000,-0.280000,0.100000,0.000000,0.000000,0.000000,-48.250000,-26.350000,15.030000
9.910000,-0.280000,0.170000,0.000000,0.000000,0.000000,-49.140000,-26.170000,15.200000
9.880000,-0.280000,0.150000,0.000000,0.000000,0.000000,-46.470000,-27.060000,13.650000
9.930000,-0.290000,0.160000,0.000000,0.000000,0.000000,-45.940000,-26.170000,15.200000
9.880000,-0.300000,0.140000,0.000000,0.000000,0.000000,-45.940000,-26.170000,15.200000
9.860000,-0.250000,0.180000,0.000000,0.000000,0.000000,-45.940000,-26.170000,15.200000
9.870000,-0.270000,0.130000,0.000000,0.000000,0.000000,-48.610000,-25.990000,15.720000
9.890000,-0.280000,0.120000,0.000000,0.000000,0.000000,-48.070000,-26.530000,14.170000
9.890000,-0.280000,0.120000,0.000000,0.000000,0.000000,-48.960000,-27.420000,15.720000
9.860000,-0.290000,0.170000,0.000000,0.000000,0.000000,-48.610000,-26.350000,14.000000
9.870000,-0.280000,0.140000,0.000000,0.000000,0.000000,-47.360000,-26.530000,15.900000
9.920000,-0.290000,0.150000,0.000000,0.000000,0.000000,-46.650000,-25.810000,14.510000
9.910000,-0.290000,0.170000,0.000000,0.000000,0.000000,-47.720000,-26.880000,15.550000
9.880000,-0.260000,0.180000,0.000000,0.000000,0.000000,-47.720000,-26.170000,15.550000
9.880000,-0.240000,0.150000,0.000000,0.000000,0.000000,-47.720000,-26.530000,14.860000
9.880000,-0.250000,0.180000,0.000000,0.000000,0.000000,-48.610000,-26.350000,14.000000
9.860000,-0.280000,0.160000,0.000000,0.000000,0.000000,-47.900000,-26.350000,14.340000
9.890000,-0.220000,0.040000,0.000000,0.000000,0.000000,-47.540000,-27.420000,14.000000
9.940000,-0.250000,0.120000,0.000000,0.000000,0.000000,-47.900000,-25.630000,15.030000
9.890000,-0.280000,0.150000,0.000000,0.000000,0.000000,-47.900000,-25.630000,15.030000
9.920000,-0.280000,0.170000,0.000000,0.000000,0.000000,-47.900000,-25.630000,15.030000
9.880000,-0.250000,0.060000,0.000000,0.000000,0.000000,-47.540000,-27.060000,14.000000
9.890000,-0.290000,0.170000,0.000000,0.000000,0.000000,-48.960000,-25.630000,14.690000
